Concentration,1,2,Vmax1,Km1,Vmax2,Km2,QH,Clint,ClH,Delta_Clint,Delta_ClH
0,16.8807,1.29278,2.0901962,107.99561,0.013842272,0.10916714,1.4,16.88071119,1.292783165,-1.11887E-05,-3.16474E-06
20.02,1.96527,0.81758,,,,,,1.965271651,0.81758045,-1.65091E-06,-4.50163E-07
40.04,1.67063,0.761694,,,,,,1.670629088,0.761694316,9.12239E-07,-3.16056E-07
60.0601,1.46311,0.715429,,,,,,1.463104935,0.715428514,5.06479E-06,4.85976E-07
80.0801,1.30356,0.675029,,,,,,1.303557176,0.675029203,2.82376E-06,-2.03295E-07
100.1,1.17608,0.639155,,,,,,1.176083016,0.639154954,-3.01619E-06,4.56307E-08
120.12,1.07161,0.606995,,,,,,1.071610553,0.606994808,-5.52895E-07,1.91576E-07
140.14,0.984325,0.577965,,,,,,0.984325886,0.577964719,-8.86476E-07,2.80965E-07
160.16,0.910264,0.551612,,,,,,0.910265038,0.551612491,-1.03752E-06,-4.91136E-07
180.18,0.846612,0.527575,,,,,,0.846612825,0.527575532,-8.25337E-07,-5.31531E-07
200.2,0.791307,0.505557,,,,,,0.791307661,0.505556908,-6.60515E-07,9.22763E-08
220.22,0.742802,0.48531,,,,,,0.742802281,0.485309915,-2.81007E-07,8.47422E-08
240.24,0.699911,0.466627,,,,,,0.699911462,0.466627315,-4.62377E-07,-3.14953E-07
260.26,0.661711,0.449333,,,,,,0.661711343,0.449333455,-3.42914E-07,-4.54591E-07
280.28,0.62747,0.433278,,,,,,0.627470815,0.433278316,-8.14651E-07,-3.16099E-07
300.3,0.596603,0.418333,,,,,,0.596603566,0.418332916,-5.65978E-07,8.3741E-08
320.32,0.568633,0.404385,,,,,,0.568633824,0.404385693,-8.24222E-07,-6.93325E-07
340.34,0.543171,0.391339,,,,,,0.543171417,0.39133963,-4.17389E-07,-6.30431E-07
360.36,0.519893,0.37911,,,,,,0.519893314,0.37910994,-3.1422E-07,5.96107E-08
380.38,0.498529,0.367622,,,,,,0.498529755,0.367622185,-7.54534E-07,-1.84841E-07
400.4,0.478853,0.356811,,,,,,0.478853688,0.356810734,-6.87739E-07,2.66301E-07
420.42,0.460672,0.346617,,,,,,0.460672632,0.346617494,-6.32187E-07,-4.94075E-07
440.44,0.443822,0.336991,,,,,,0.443822331,0.336990855,-3.30644E-07,1.45417E-07
460.46,0.428161,0.327885,,,,,,0.428161755,0.327884803,-7.55243E-07,1.96798E-07
480.48,0.413569,0.319258,,,,,,0.413569138,0.319258186,-1.38048E-07,-1.86037E-07
500.501,0.399938,0.311074,,,,,,0.399938131,0.311073683,-1.31029E-07,3.17083E-07
520.521,0.387178,0.303299,,,,,,0.38717791,0.303298889,8.96333E-08,1.11082E-07
540.541,0.375207,0.295904,,,,,,0.375207006,0.295903411,-5.91737E-09,5.88999E-07
560.561,0.363955,0.28886,,,,,,0.363954352,0.288860135,6.48017E-07,-1.353E-07
580.581,0.353357,0.282145,,,,,,0.353357169,0.282144474,-1.68706E-07,5.25949E-07
600.601,0.34336,0.275734,,,,,,0.343359788,0.275734078,2.11838E-07,-7.77795E-08
620.621,0.333913,0.269609,,,,,,0.333912675,0.269608586,3.25381E-07,4.13991E-07
640.641,0.324972,0.26375,,,,,,0.324971602,0.263749411,3.97505E-07,5.89381E-07
660.661,0.316497,0.25814,,,,,,0.316496963,0.258139547,3.68576E-08,4.53054E-07
680.681,0.308453,0.252763,,,,,,0.308453178,0.252763409,-1.77509E-07,-4.0856E-07
700.701,0.300808,0.247607,,,,,,0.300808196,0.247606682,-1.96266E-07,3.17661E-07
720.721,0.293533,0.242656,,,,,,0.293533073,0.242656201,-7.25642E-08,-2.00961E-07
740.741,0.286602,0.2379,,,,,,0.286601595,0.23789983,4.04599E-07,1.69562E-07
760.761,0.27999,0.233326,,,,,,0.279989974,0.233326371,2.62051E-08,-3.70649E-07
780.781,0.273677,0.228926,,,,,,0.273676564,0.228925467,4.36273E-07,5.32845E-07
800.801,0.267642,0.224688,,,,,,0.267641631,0.224687533,3.68745E-07,4.67178E-07
820.821,0.261867,0.220604,,,,,,0.261867146,0.220603678,-1.46317E-07,3.21989E-07
840.841,0.256337,0.216666,,,,,,0.256336603,0.216665648,3.97315E-07,3.51739E-07
860.861,0.251035,0.212866,,,,,,0.25103486,0.212865769,1.39712E-07,2.31471E-07
880.881,0.245948,0.209197,,,,,,0.245948007,0.209196893,-6.71133E-09,1.06786E-07
900.901,0.241063,0.205652,,,,,,0.241063235,0.205652361,-2.3522E-07,-3.61265E-07
920.921,0.236369,0.202226,,,,,,0.236368737,0.202225956,2.62958E-07,4.4219E-08
940.941,0.231854,0.198912,,,,,,0.231853606,0.198911868,3.93999E-07,1.32411E-07
960.961,0.227508,0.195705,,,,,,0.227507754,0.195704662,2.46107E-07,3.37648E-07
980.981,0.223322,0.192599,,,,,,0.223321835,0.192599251,1.64805E-07,-2.50805E-07
1001,0.219287,0.189591,,,,,,0.219287378,0.18959101,-3.77845E-07,-9.71439E-09
1021.02,0.215396,0.186675,,,,,,0.215395925,0.186675161,7.52526E-08,-1.61195E-07
1041.04,0.21164,0.183848,,,,,,0.211640189,0.183847652,-1.88671E-07,3.48258E-07
1061.06,0.208013,0.181104,,,,,,0.208013191,0.181104526,-1.90893E-07,-5.26318E-07
1081.08,0.204508,0.178442,,,,,,0.204508423,0.178442063,-4.23138E-07,-6.25432E-08
1101.1,0.20112,0.175857,,,,,,0.201119809,0.175856754,1.91408E-07,2.46172E-07
1121.12,0.197841,0.173345,,,,,,0.197841667,0.173345294,-6.66731E-07,-2.93961E-07
1141.14,0.194669,0.170904,,,,,,0.194668682,0.170904563,3.18475E-07,-5.62993E-07
1161.16,0.191596,0.168531,,,,,,0.191595873,0.168531614,1.27332E-07,-6.14301E-07
1181.18,0.188618,0.166224,,,,,,0.188618569,0.166223663,-5.69483E-07,3.37285E-07
1201.2,0.185732,0.163978,,,,,,0.185732387,0.163978074,-3.87229E-07,-7.36109E-08
1221.22,0.182933,0.161792,,,,,,0.182933206,0.161792353,-2.05542E-07,-3.52869E-07
1241.24,0.180217,0.159664,,,,,,0.180217149,0.159664138,-1.48811E-07,-1.37632E-07
1261.26,0.17758,0.157591,,,,,,0.177580568,0.157591188,-5.68266E-07,-1.87781E-07
1281.28,0.17502,0.155571,,,,,,0.175020026,0.155571378,-2.56191E-08,-3.78066E-07
1301.3,0.172532,0.153603,,,,,,0.172532278,0.153602691,-2.78104E-07,3.09163E-07
1321.32,0.170114,0.151683,,,,,,0.170114265,0.151683209,-2.64771E-07,-2.0932E-07
1341.34,0.167763,0.149811,,,,,,0.167763094,0.149811111,-9.39192E-08,-1.11384E-07
1361.36,0.165476,0.147985,,,,,,0.165476032,0.147984664,-3.15597E-08,3.36222E-07
1381.38,0.16325,0.146202,,,,,,0.163250491,0.146202217,-4.90805E-07,-2.16773E-07
1401.4,0.161084,0.144462,,,,,,0.161084022,0.144462199,-2.21071E-08,-1.99187E-07
1421.42,0.158974,0.142763,,,,,,0.158974304,0.142763114,-3.04264E-07,-1.13773E-07
1441.44,0.156919,0.141103,,,,,,0.156919136,0.141103533,-1.36119E-07,-5.32913E-07
1461.46,0.154916,0.139482,,,,,,0.154916429,0.139482095,-4.28902E-07,-9.46206E-08
1481.48,0.152964,0.137897,,,,,,0.152964199,0.137897499,-1.99145E-07,-4.98809E-07
1501.5,0.15106,0.136348,,,,,,0.151060562,0.136348504,-5.62126E-07,-5.03818E-07
1521.52,0.149204,0.134834,,,,,,0.149203726,0.134833923,2.74193E-07,7.68365E-08
1541.54,0.147392,0.133353,,,,,,0.147391985,0.133352623,1.48027E-08,3.7749E-07
1561.56,0.145624,0.131903,,,,,,0.145623717,0.131903517,2.82864E-07,-5.16832E-07
1581.58,0.143897,0.130485,,,,,,0.143897375,0.130485568,-3.75438E-07,-5.6777E-07
1601.6,0.142211,0.129098,,,,,,0.142211486,0.129097781,-4.86389E-07,2.18858E-07
1621.62,0.140565,0.127739,,,,,,0.140564645,0.127739205,3.55458E-07,-2.04619E-07
1641.64,0.138955,0.126409,,,,,,0.138955509,0.126408926,-5.08815E-07,7.44487E-08
1661.66,0.137383,0.125106,,,,,,0.137382799,0.125106069,2.01156E-07,-6.89158E-08
1681.68,0.135845,0.12383,,,,,,0.135845292,0.123829795,-2.9159E-07,2.04598E-07
1701.7,0.134342,0.122579,,,,,,0.134341818,0.1225793,1.8184E-07,-2.99604E-07
1721.72,0.132871,0.121354,,,,,,0.132871261,0.121353808,-2.60846E-07,1.91669E-07
1741.74,0.131432,0.120152,,,,,,0.13143255,0.120152579,-5.50357E-07,-5.79006E-07
1761.76,0.130025,0.118975,,,,,,0.130024663,0.118974898,3.36781E-07,1.01829E-07
1781.78,0.128646,0.11782,,,,,,0.128646619,0.11782008,-6.19351E-07,-8.00707E-08
1801.8,0.127297,0.116687,,,,,,0.12729748,0.116687465,-4.79791E-07,-4.6532E-07
1821.82,0.125976,0.115576,,,,,,0.125976345,0.11557642,-3.44555E-07,-4.19652E-07
1841.84,0.124682,0.114486,,,,,,0.124682351,0.114486333,-3.50643E-07,-3.32728E-07
1861.86,0.123415,0.113417,,,,,,0.12341467,0.113416617,3.29845E-07,3.82974E-07
1881.88,0.122172,0.112367,,,,,,0.122172509,0.112366707,-5.08521E-07,2.93222E-07
1901.9,0.120955,0.111336,,,,,,0.120955103,0.111336057,-1.02849E-07,-5.69757E-08
1921.92,0.119762,0.110324,,,,,,0.11976172,0.110324142,2.79648E-07,-1.42428E-07
1941.94,0.118592,0.10933,,,,,,0.118591657,0.109330457,3.43114E-07,-4.56866E-07
1961.96,0.117444,0.108354,,,,,,0.117444236,0.108354512,-2.35557E-07,-5.12098E-07
1981.98,0.116319,0.107396,,,,,,0.116318805,0.107395837,1.94578E-07,1.62787E-07
2002,0.115215,0.106454,,,,,,0.11521474,0.106453978,2.5975E-07,2.21807E-08
2022.02,0.114131,0.105528,,,,,,0.114131437,0.105528495,-4.37368E-07,-4.95328E-07
2042.04,0.113068,0.104619,,,,,,0.113068317,0.104618966,-3.16556E-07,3.37271E-08
2062.06,0.112025,0.103725,,,,,,0.112024819,0.103724982,1.80983E-07,1.83384E-08
2082.08,0.111,0.102846,,,,,,0.111000406,0.102846146,-4.06395E-07,-1.46365E-07
2102.1,0.109994,0.101982,,,,,,0.10999456,0.101982079,-5.59847E-07,-7.85325E-08
2122.12,0.109007,0.101132,,,,,,0.109006779,0.101132409,2.2083E-07,-4.09042E-07
2142.14,0.108036,0.100297,,,,,,0.108036582,0.100296781,-5.81968E-07,2.19031E-07
2162.16,0.107083,0.0994748,,,,,,0.107083503,0.099474849,-5.02871E-07,-4.90937E-08
2182.18,0.106147,0.0986662,,,,,,0.106147093,0.098666279,-9.27863E-08,-7.94176E-08
2202.2,0.105227,0.0978707,,,,,,0.105226918,0.097870749,8.18055E-08,-4.87167E-08
2222.22,0.104322,0.0970879,,,,,,0.10432256,0.097087944,-5.60481E-07,-4.41084E-08
2242.24,0.103434,0.0963175,,,,,,0.103433615,0.096317563,3.84701E-07,-6.26412E-08
2262.26,0.10256,0.0955592,,,,,,0.102559692,0.095559311,3.08031E-07,-1.10904E-07
2282.28,0.1017,0.0948128,,,,,,0.101700413,0.094812905,-4.12905E-07,-1.04654E-07
2302.3,0.100855,0.094078,,,,,,0.100855413,0.094078068,-4.13071E-07,-6.84599E-08
2322.32,0.100024,0.0933545,,,,,,0.100024339,0.093354535,-3.39462E-07,-3.53648E-08
2342.34,0.0992068,0.092642,,,,,,0.099206851,0.092642047,-5.06143E-08,-4.65616E-08
2362.36,0.0984025,0.0919403,,,,,,0.098402616,0.091940351,-1.16139E-07,-5.10849E-08
2382.38,0.0976112,0.0912491,,,,,,0.097611316,0.091249206,-1.16272E-07,-1.05516E-07
2402.4,0.0968325,0.0905683,,,,,,0.096832641,0.090568374,-1.41457E-07,-7.3701E-08
2422.42,0.0960662,0.0898975,,,,,,0.096066292,0.089897626,-9.19326E-08,-1.26483E-07
2442.44,0.0953119,0.0892367,,,,,,0.095311977,0.089236741,-7.73571E-08,-4.14429E-08
2462.46,0.0945693,0.0885854,,,,,,0.094569416,0.088585503,-1.16435E-07,-1.02656E-07
2482.48,0.0938382,0.0879436,,,,,,0.093838337,0.0879437,-1.3657E-07,-1.00454E-07
2502.5,0.0931184,0.0873111,,,,,,0.093118474,0.087311131,-7.3531E-08,-3.12026E-08
2522.52,0.0924095,0.0866875,,,,,,0.092409571,0.086687597,-7.11333E-08,-9.70839E-08
2542.54,0.0917113,0.0860728,,,,,,0.091711381,0.086072906,-8.09348E-08,-1.05892E-07
2562.56,0.0910236,0.0854668,,,,,,0.091023662,0.085466871,-6.19458E-08,-7.08328E-08
2582.58,0.0903461,0.0848692,,,,,,0.09034618,0.08486931,-8.03515E-08,-1.10339E-07
2602.6,0.0896786,0.08428,,,,,,0.089678709,0.084280048,-1.09247E-07,-4.7883E-08
2622.62,0.0890209,0.0836988,,,,,,0.089021028,0.083698912,-1.28384E-07,-1.11809E-07
2642.64,0.0883728,0.0831257,,,,,,0.088372924,0.083125735,-1.23927E-07,-3.5163E-08
2662.66,0.0877341,0.0825603,,,,,,0.087734188,0.082560356,-8.82261E-08,-5.55317E-08
2682.68,0.0871045,0.0820025,,,,,,0.08710462,0.082002615,-1.19589E-07,-1.14892E-07
2702.7,0.0864839,0.0814523,,,,,,0.086484022,0.081452359,-1.22072E-07,-5.94623E-08
2722.72,0.0858721,0.0809094,,,,,,0.085872205,0.08090944,-1.05277E-07,-3.95611E-08
2742.74,0.0852689,0.0803736,,,,,,0.085268984,0.080373709,-8.41571E-08,-1.09472E-07
2762.76,0.0846741,0.079845,,,,,,0.084674179,0.079845027,-7.88261E-08,-2.73112E-08
2782.78,0.0840875,0.0793232,,,,,,0.084087614,0.079323255,-1.14384E-07,-5.49057E-08
2802.8,0.083509,0.0788082,,,,,,0.083509121,0.078808258,-1.20745E-07,-5.76697E-08
2822.82,0.0829385,0.0782998,,,,,,0.082938532,0.078299904,-3.24697E-08,-1.0449E-07
2842.84,0.0823756,0.077798,,,,,,0.082375689,0.077798068,-8.86114E-08,-6.76167E-08
2862.86,0.0818204,0.0773026,,,,,,0.081820433,0.077302623,-3.25623E-08,-2.25513E-08
2882.88,0.0812725,0.0768134,,,,,,0.081272612,0.076813448,-1.11909E-07,-4.79488E-08
2902.9,0.080732,0.0763304,,,,,,0.080732078,0.076330426,-7.82937E-08,-2.55159E-08
2922.92,0.0801986,0.0758534,,,,,,0.080198687,0.07585344,-8.72781E-08,-3.99161E-08
2942.94,0.0796722,0.0753823,,,,,,0.079672298,0.075382379,-9.82172E-08,-7.86784E-08
2962.96,0.0791527,0.0749171,,,,,,0.079152774,0.074917132,-7.41341E-08,-3.21081E-08
2982.98,0.0786399,0.0744575,,,,,,0.078639982,0.074457593,-8.16019E-08,-9.32022E-08
3003,0.0781337,0.0740036,,,,,,0.078133791,0.074003658,-9.06289E-08,-5.75673E-08
3023.02,0.077634,0.0735552,,,,,,0.077634075,0.073555223,-7.45491E-08,-2.33403E-08
3043.04,0.0771406,0.0731121,,,,,,0.07714071,0.073112191,-1.09917E-07,-9.11123E-08
3063.06,0.0766535,0.0726744,,,,,,0.076653576,0.072674464,-7.64035E-08,-6.38551E-08
3083.08,0.0761725,0.0722419,,,,,,0.076172557,0.072241947,-5.67025E-08,-4.68505E-08
3103.1,0.0756975,0.0718145,,,,,,0.075697536,0.071814548,-3.64325E-08,-4.76218E-08
3123.12,0.0752283,0.0713921,,,,,,0.075228404,0.071392176,-1.04048E-07,-7.58679E-08
3143.14,0.074765,0.0709747,,,,,,0.074765051,0.070974743,-5.07515E-08,-4.33998E-08
3163.16,0.0743073,0.0705621,,,,,,0.07430737,0.070562164,-7.04101E-08,-6.40793E-08
3183.18,0.0738552,0.0701543,,,,,,0.073855259,0.070154354,-5.94735E-08,-5.37591E-08
3203.2,0.0734085,0.0697512,,,,,,0.073408617,0.06975123,-1.16896E-07,-3.02266E-08
3223.22,0.0729673,0.0693526,,,,,,0.072967344,0.069352713,-4.40636E-08,-1.13148E-07
3243.24,0.0725313,0.0689587,,,,,,0.072531345,0.068958724,-4.47164E-08,-2.40144E-08
3263.26,0.0721005,0.0685691,,,,,,0.072100525,0.068569186,-2.48834E-08,-8.6092E-08
3283.28,0.0716747,0.068184,,,,,,0.071674793,0.068184024,-9.2813E-08,-2.43702E-08
3303.3,0.071254,0.0678031,,,,,,0.071254059,0.067803166,-5.89075E-08,-6.55149E-08
3323.32,0.0708382,0.0674265,,,,,,0.070838236,0.067426538,-3.56612E-08,-3.78212E-08
3343.34,0.0704272,0.067054,,,,,,0.070427238,0.067054071,-3.75989E-08,-7.11688E-08
3363.36,0.0700209,0.0666856,,,,,,0.070020981,0.066685697,-8.12179E-08,-9.69782E-08
3383.38,0.0696193,0.0663213,,,,,,0.069619385,0.066321348,-8.49311E-08,-4.81688E-08
3403.4,0.0692223,0.0659609,,,,,,0.069222369,0.065960959,-6.90127E-08,-5.9118E-08
3423.42,0.0688298,0.0656044,,,,,,0.068829856,0.065604466,-5.55448E-08,-6.56221E-08
3443.44,0.0684417,0.0652517,,,,,,0.068441768,0.065251805,-6.83673E-08,-1.04858E-07
3463.46,0.068058,0.0649029,,,,,,0.068058033,0.064902915,-3.3028E-08,-1.5345E-08
3483.48,0.0676785,0.0645577,,,,,,0.067678577,0.064557737,-7.67351E-08,-3.69126E-08
3503.5,0.0673033,0.0642162,,,,,,0.067303328,0.064216211,-2.83112E-08,-1.06619E-08
3523.52,0.0669322,0.0638782,,,,,,0.066932218,0.063878279,-1.8149E-08,-7.89343E-08
3543.54,0.0665651,0.0635438,,,,,,0.066565178,0.063543885,-7.8168E-08,-8.52787E-08
3563.56,0.0662021,0.0632129,,,,,,0.066202142,0.063212974,-4.17728E-08,-7.44197E-08
3583.58,0.065843,0.0628854,,,,,,0.065843044,0.062885492,-4.38132E-08,-9.22275E-08
3603.6,0.0654878,0.0625613,,,,,,0.065487821,0.062561386,-2.05446E-08,-8.56882E-08
3623.62,0.0651363,0.0622405,,,,,,0.06513641,0.062240603,-1.09591E-07,-1.02875E-07
3643.64,0.0647887,0.061923,,,,,,0.06478875,0.061923093,-4.99081E-08,-9.29218E-08
3663.66,0.0644447,0.0616087,,,,,,0.064444782,0.061608806,-8.17477E-08,-1.05993E-07
3683.68,0.0641044,0.0612976,,,,,,0.064104447,0.061297693,-4.6624E-08,-9.32627E-08
3703.7,0.0637676,0.0609897,,,,,,0.063767687,0.060989707,-8.72802E-08,-6.88318E-09
3723.72,0.0634344,0.0606847,,,,,,0.063434448,0.0606848,-4.76562E-08,-9.99655E-08
3743.74,0.0631046,0.0603829,,,,,,0.063104673,0.060382927,-7.28578E-08,-2.65533E-08
3763.76,0.0627782,0.060084,,,,,,0.062778309,0.060084042,-1.09126E-07,-4.15999E-08
3783.78,0.0624552,0.059788,,,,,,0.062455304,0.059788101,-1.0381E-07,-1.00946E-07
3803.8,0.0621355,0.059495,,,,,,0.062135605,0.059495061,-1.05334E-07,-6.12997E-08
3823.82,0.0618191,0.0592048,,,,,,0.061819163,0.05920488,-6.31756E-08,-8.02109E-08
3843.84,0.0615059,0.0589175,,,,,,0.061505928,0.058917516,-2.78349E-08,-1.60558E-08
3863.86,0.0611958,0.0586329,,,,,,0.061195851,0.058632928,-5.08108E-08,-2.80141E-08
3883.88,0.0608888,0.058351,,,,,,0.060888885,0.058351076,-8.45752E-08,-7.60505E-08
3903.9,0.0605849,0.0580719,,,,,,0.060584983,0.058071921,-8.25489E-08,-2.0896E-08
3923.92,0.060284,0.0577954,,,,,,0.060284099,0.057795424,-9.90781E-08,-2.40292E-08
3943.94,0.0599861,0.0575215,,,,,,0.059986189,0.057521548,-8.94113E-08,-4.76591E-08
3963.96,0.0596912,0.0572502,,,,,,0.05969121,0.057250255,-9.67748E-09,-5.47076E-08
3983.98,0.0593991,0.0569815,,,,,,0.059399117,0.056981509,-1.68641E-08,-8.79281E-09
4004,0.0591098,0.0567152,,,,,,0.059109869,0.056715274,-6.87967E-08,-7.42128E-08
4024.02,0.0588234,0.0564515,,,,,,0.058823424,0.056451516,-2.41181E-08,-1.59298E-08
4044.04,0.0585397,0.0561901,,,,,,0.058539742,0.0561902,-4.22691E-08,-9.95548E-08
4064.06,0.0582587,0.0559312,,,,,,0.058258783,0.055931291,-8.34691E-08,-9.13327E-08
4084.08,0.0579805,0.0556747,,,,,,0.057980509,0.055674758,-8.69742E-09,-5.81275E-08
4104.1,0.0577048,0.0554205,,,,,,0.05770488,0.055420567,-7.96757E-08,-6.74086E-08
4124.12,0.0574318,0.0551686,,,,,,0.057431859,0.055168687,-5.88497E-08,-8.72366E-08
4144.14,0.0571614,0.054919,,,,,,0.057161409,0.054919086,-9.37275E-09,-8.62502E-08
4164.16,0.0568934,0.0546717,,,,,,0.056893495,0.054671734,-9.5089E-08,-3.36532E-08
4184.18,0.056628,0.0544265,,,,,,0.056628081,0.054426599,-8.05172E-08,-9.92016E-08
4204.2,0.0563651,0.0541836,,,,,,0.056365131,0.054183653,-3.08351E-08,-5.31914E-08
4224.22,0.0561046,0.0539428,,,,,,0.056104612,0.053942866,-1.18645E-08,-6.64467E-08
4244.24,0.0558464,0.0537042,,,,,,0.05584649,0.05370421,-9.00558E-08,-1.0308E-08
4264.26,0.0555907,0.0534676,,,,,,0.055590732,0.053467657,-3.24743E-08,-5.66206E-08
4284.28,0.0553373,0.0532331,,,,,,0.055337307,0.053233178,-6.78582E-09,-7.77238E-08
4304.3,0.0550861,0.0530007,,,,,,0.055086181,0.053000746,-8.1243E-08,-4.64399E-08
4324.32,0.0548373,0.0527703,,,,,,0.054837325,0.052770336,-2.46723E-08,-3.60639E-08
4344.34,0.0545907,0.0525419,,,,,,0.054590706,0.05254192,-6.46088E-09,-2.03531E-08
4364.36,0.0543462,0.0523154,,,,,,0.054346297,0.052315474,-9.65442E-08,-7.35174E-08
4384.38,0.054104,0.0520909,,,,,,0.054104065,0.05209097,-6.53938E-08,-7.02091E-08
4404.4,0.0538639,0.0518683,,,,,,0.053863984,0.051868386,-8.40052E-08,-8.55139E-08
4424.42,0.053626,0.0516476,,,,,,0.053626024,0.051647695,-2.38865E-08,-9.49417E-08
4444.44,0.0533901,0.0514288,,,,,,0.053390157,0.051428874,-5.70471E-08,-7.44172E-08
4464.46,0.0531563,0.0512119,,,,,,0.053156356,0.0512119,-5.59869E-08,-2.71433E-10
4484.48,0.0529245,0.0509967,,,,,,0.052924594,0.050996749,-9.3685E-08,-4.92333E-08
4504.5,0.0526948,0.0507834,,,,,,0.052694844,0.050783398,-4.359E-08,1.57907E-09
4524.52,0.052467,0.0505718,,,,,,0.05246708,0.050571825,-7.96096E-08,-2.5334E-08
4544.54,0.0522412,0.050362,,,,,,0.052241276,0.050362008,-7.61005E-08,-7.84559E-09
4564.56,0.0520174,0.0501539,,,,,,0.052017408,0.050153924,-7.85895E-09,-2.41943E-08
4584.58,0.0517954,0.0499475,,,,,,0.05179545,0.049947553,-5.01116E-08,-5.2977E-08
4604.6,0.0515753,0.0497428,,,,,,0.051575379,0.049742873,-7.85059E-08,-7.31414E-08
4624.62,0.0513571,0.0495398,,,,,,0.051357169,0.049539864,-6.91015E-08,-6.39789E-08
4644.64,0.0511407,0.0493385,,,,,,0.051140798,0.049338505,-9.83617E-08,-5.11762E-09
4664.66,0.0509262,0.0491387,,,,,,0.050926243,0.049138777,-4.31445E-08,-7.65154E-08
4684.68,0.0507134,0.0489406,,,,,,0.050713481,0.048940658,-8.06948E-08,-5.84536E-08
4704.7,0.0505024,0.0487441,,,,,,0.050502489,0.048744132,-8.86361E-08,-3.15299E-08
4724.72,0.0502932,0.0485491,,,,,,0.050293245,0.048549177,-4.4963E-08,-7.66528E-08
4744.74,0.0500857,0.0483557,,,,,,0.050085728,0.048355775,-2.80328E-08,-7.50348E-08
4764.76,0.0498799,0.0481639,,,,,,0.049879917,0.048163908,-1.65591E-08,-8.18662E-09
4784.78,0.0496757,0.0479735,,,,,,0.04967579,0.047973558,-8.96036E-08,-5.79112E-08
4804.8,0.0494733,0.0477847,,,,,,0.049473327,0.047784706,-2.65694E-08,-6.29818E-09
4824.82,0.0492725,0.0475973,,,,,,0.049272507,0.047597336,-7.19413E-09,-3.5718E-08
4844.84,0.0490733,0.0474114,,,,,,0.049073312,0.047411429,-1.1543E-08,-2.88166E-08
4864.86,0.0488757,0.0472269,,,,,,0.04887572,0.047226969,-2.00023E-08,-6.85098E-08
4884.88,0.0486797,0.0470439,,,,,,0.048679713,0.047043938,-1.3273E-08,-3.79787E-08
4904.9,0.0484852,0.0468623,,,,,,0.048485272,0.046862321,-7.23644E-08,-2.06637E-08
4924.92,0.0482923,0.0466821,,,,,,0.048292379,0.0466821,-7.85879E-08,-2.60023E-10
4944.94,0.048101,0.0465032,,,,,,0.048101014,0.046503261,-1.35513E-08,-6.0713E-08
4964.96,0.0479111,0.0463257,,,,,,0.047911159,0.046325786,-5.91528E-08,-8.62127E-08
4984.98,0.0477228,0.0461496,,,,,,0.047722798,0.046149661,2.42504E-09,-6.11899E-08
5005.01,0.0475359,0.0459748,,,,,,0.047535818,0.045974783,8.17043E-08,1.66662E-08
5025.03,0.0473504,0.0458014,,,,,,0.047350391,0.045801312,9.25723E-09,8.78479E-08
5045.05,0.0471664,0.0456292,,,,,,0.047166404,0.045629145,-4.20339E-09,5.48699E-08
5065.07,0.0469839,0.0454583,,,,,,0.046983842,0.045458268,5.80552E-08,3.23843E-08
5085.09,0.0468027,0.0452887,,,,,,0.046802687,0.045288665,1.25079E-08,3.48244E-08
5105.11,0.046623,0.0451204,,,,,,0.046622925,0.045120324,7.53763E-08,7.6409E-08
5125.13,0.0464446,0.0449533,,,,,,0.046444537,0.044953229,6.26339E-08,7.11462E-08
5145.15,0.0462676,0.0447874,,,,,,0.04626751,0.044787367,9.00104E-08,3.28373E-08
5165.17,0.0460919,0.0446228,,,,,,0.046091827,0.044622725,7.2997E-08,7.50808E-08
5185.19,0.0459175,0.0444593,,,,,,0.045917473,0.044459289,2.68501E-08,1.1276E-08
5205.21,0.0457445,0.0442971,,,,,,0.045744433,0.044297045,6.65963E-08,5.46264E-08
5225.23,0.0455727,0.044136,,,,,,0.045572693,0.044135982,7.03656E-09,1.81435E-08
5245.25,0.0454023,0.0439761,,,,,,0.045402237,0.043976085,6.27503E-08,1.46506E-08
5265.27,0.0452331,0.0438174,,,,,,0.045233052,0.043817343,4.80998E-08,5.67854E-08
5285.29,0.0450652,0.0436598,,,,,,0.045065123,0.043659743,7.72339E-08,5.70039E-08
5305.31,0.0448985,0.0435033,,,,,,0.044898436,0.043503272,6.40921E-08,2.75838E-08
5325.33,0.044733,0.043348,,,,,,0.044732978,0.043347919,2.24084E-08,8.0627E-08
5345.35,0.0445688,0.0431937,,,,,,0.044568734,0.043193672,6.57153E-08,2.80634E-08
5365.37,0.0444057,0.0430406,,,,,,0.044405693,0.043040518,7.34713E-09,8.16538E-08
5385.39,0.0442439,0.0428885,,,,,,0.04424384,0.042888447,6.04437E-08,5.29925E-08
5405.41,0.0440832,0.0427375,,,,,,0.044083162,0.042737446,3.79542E-08,5.35107E-08
5425.43,0.0439237,0.0425875,,,,,,0.043923647,0.042587506,5.26402E-08,-5.52094E-09
5445.45,0.0437653,0.0424386,,,,,,0.043765283,0.042438613,1.70792E-08,-1.29892E-08
5465.47,0.0436081,0.0422908,,,,,,0.043608056,0.042290758,4.36681E-08,4.20641E-08
5485.49,0.043452,0.042144,,,,,,0.043451955,0.04214393,4.46263E-08,7.04451E-08
5505.51,0.043297,0.0419981,,,,,,0.043296968,0.041998117,3.19987E-08,-1.71898E-08
5525.53,0.0431431,0.0418533,,,,,,0.043143082,0.04185331,1.76591E-08,-1.0331E-08
5545.55,0.0429903,0.0417095,,,,,,0.042990287,0.041709499,1.3313E-08,1.38653E-09
5565.57,0.0428386,0.0415667,,,,,,0.042838569,0.041566672,3.05007E-08,2.81859E-08
5585.59,0.042688,0.0414249,,,,,,0.042687919,0.04142482,8.06002E-08,8.01508E-08
5605.61,0.0425384,0.041284,,,,,,0.042538325,0.041283933,7.48299E-08,6.72274E-08
5625.63,0.0423898,0.041144,,,,,,0.042389776,0.041144001,2.42516E-08,-7.72599E-10
5645.65,0.0422423,0.041005,,,,,,0.04224226,0.041005014,3.97731E-08,-1.41703E-08
5665.67,0.0420958,0.040867,,,,,,0.042095768,0.040866963,3.21509E-08,3.65828E-08
5685.69,0.0419503,0.0407299,,,,,,0.041950288,0.040729839,1.19927E-08,6.09073E-08
5705.71,0.0418058,0.0405937,,,,,,0.04180581,0.040593632,-1.02399E-08,6.80975E-08
5725.73,0.0416624,0.0404584,,,,,,0.041662324,0.040458333,7.57713E-08,6.7324E-08
5745.75,0.0415198,0.040324,,,,,,0.04151982,0.040323932,-1.97969E-08,6.76354E-08
5765.77,0.0413783,0.0401905,,,,,,0.041378287,0.040190422,1.30934E-08,7.79606E-08
5785.79,0.0412377,0.0400578,,,,,,0.041237716,0.040057793,-1.56559E-08,7.11048E-09
5805.81,0.0410981,0.0399261,,,,,,0.041098096,0.039926036,3.72258E-09,6.37801E-08
5825.83,0.0409594,0.0397952,,,,,,0.040959419,0.039795143,-1.91353E-08,5.65505E-08
5845.85,0.0408217,0.0396651,,,,,,0.040821675,0.039665106,2.52766E-08,-6.10951E-09
5865.87,0.0406849,0.0395359,,,,,,0.040684854,0.039535916,4.63369E-08,-1.58414E-08
5885.89,0.040549,0.0394076,,,,,,0.040548947,0.039407564,5.32989E-08,3.56048E-08
5905.91,0.040414,0.0392801,,,,,,0.040413945,0.039280044,5.52928E-08,5.63723E-08
5925.93,0.0402799,0.0391534,,,,,,0.040279839,0.039153346,6.13276E-08,5.44992E-08
5945.95,0.0401466,0.0390275,,,,,,0.04014662,0.039027462,-1.97071E-08,3.79202E-08
5965.97,0.0400143,0.0389024,,,,,,0.040014279,0.038902386,2.09613E-08,1.44684E-08
5985.99,0.0398828,0.0387781,,,,,,0.039882808,0.038778108,-8.00985E-09,-8.12323E-09
6006.01,0.0397522,0.0386546,,,,,,0.039752198,0.038654622,1.92315E-09,-2.22204E-08
6026.03,0.0396225,0.0385319,,,,,,0.039622441,0.03853192,5.91926E-08,-2.02854E-08
6046.05,0.0394936,0.03841,,,,,,0.039493528,0.038409995,7.21211E-08,5.1236E-09
6066.07,0.0393655,0.0382889,,,,,,0.039365451,0.038288839,4.89232E-08,6.1355E-08
6086.09,0.0392382,0.0381685,,,,,,0.039238202,0.038168444,-2.29273E-09,5.56644E-08
6106.11,0.0391118,0.0380488,,,,,,0.039111774,0.038048805,2.64772E-08,-4.78319E-09
6126.13,0.0389862,0.0379299,,,,,,0.038986157,0.037929913,4.3134E-08,-1.29127E-08
6146.15,0.0388614,0.0378118,,,,,,0.038861345,0.037811762,5.54775E-08,3.82631E-08
6166.17,0.0387374,0.0376944,,,,,,0.038737329,0.037694344,7.1208E-08,5.56443E-08
6186.19,0.0386141,0.0375777,,,,,,0.038614102,0.037577654,-2.07215E-09,4.6046E-08
6206.21,0.0384917,0.0374617,,,,,,0.038491657,0.037461684,4.31429E-08,1.61988E-08
6226.23,0.03837,0.0373464,,,,,,0.038369986,0.037346427,1.42642E-08,-2.72495E-08
6246.25,0.0382491,0.0372319,,,,,,0.038249081,0.037231878,1.86092E-08,2.22676E-08
6266.27,0.038129,0.037118,,,,,,0.038128937,0.037118029,6.34037E-08,-2.87639E-08
6286.29,0.0380096,0.0370049,,,,,,0.038009544,0.037004874,5.57826E-08,2.60628E-08
6306.31,0.0378909,0.0368924,,,,,,0.037890897,0.036892407,2.79215E-09,-6.92322E-09
6326.33,0.037773,0.0367806,,,,,,0.037772989,0.036780621,1.13905E-08,-2.14696E-08
6346.35,0.0376558,0.0366695,,,,,,0.037655812,0.036669511,-1.15502E-08,-1.13995E-08
6366.37,0.0375394,0.0365591,,,,,,0.037539359,0.036559071,4.07569E-08,2.93893E-08
6386.39,0.0374236,0.0364493,,,,,,0.037423625,0.036449293,-2.49848E-08,6.9259E-09
6406.41,0.0373086,0.0363402,,,,,,0.037308602,0.036340173,-2.15451E-09,2.71672E-08
6426.43,0.0371943,0.0362317,,,,,,0.037194284,0.036231704,1.57875E-08,-4.001E-09
6446.45,0.0370807,0.0361239,,,,,,0.037080665,0.036123881,3.5301E-08,1.92369E-08
6466.47,0.0369678,0.0360167,,,,,,0.036967737,0.036016697,6.27672E-08,2.62757E-09
6486.49,0.0368555,0.0359102,,,,,,0.036855496,0.035910148,4.48974E-09,5.18497E-08
6506.51,0.036744,0.0358042,,,,,,0.036743933,0.035804227,6.66958E-08,-2.74851E-08
6526.53,0.0366331,0.0356989,,,,,,0.036633044,0.03569893,5.55376E-08,-2.98312E-08
6546.55,0.0365228,0.0355943,,,,,,0.036522823,0.03559425,-2.29069E-08,5.02921E-08
6566.57,0.0364133,0.0354902,,,,,,0.036413263,0.035490182,3.73676E-08,1.83013E-08
6586.59,0.0363044,0.0353867,,,,,,0.036304358,0.03538672,4.22944E-08,-2.04504E-08
6606.61,0.0361961,0.0352839,,,,,,0.036196102,0.035283861,-2.26412E-09,3.93281E-08
6626.63,0.0360885,0.0351816,,,,,,0.036088491,0.035181597,9.48498E-09,2.86673E-09
6646.65,0.0359815,0.0350799,,,,,,0.035981517,0.035079925,-1.67342E-08,-2.46653E-08
6666.67,0.0358752,0.0349789,,,,,,0.035875175,0.034978838,2.47348E-08,6.18416E-08
6686.69,0.0357695,0.0348783,,,,,,0.035769461,0.034878333,3.94819E-08,-3.25614E-08
6706.71,0.0356644,0.0347784,,,,,,0.035664367,0.034778403,3.3031E-08,-2.88121E-09
6726.73,0.0355599,0.0346791,,,,,,0.035559889,0.034679044,1.08415E-08,5.58181E-08
6746.75,0.035456,0.0345803,,,,,,0.035456022,0.034580252,-2.16909E-08,4.84164E-08
6766.77,0.0353528,0.034482,,,,,,0.035352759,0.03448202,4.07664E-08,-2.0262E-08
6786.79,0.0352501,0.0343844,,,,,,0.035250097,0.034384345,3.48433E-09,5.45526E-08
6806.81,0.035148,0.0342872,,,,,,0.035148028,0.034287222,-2.83275E-08,-2.24239E-08
6826.83,0.0350466,0.0341907,,,,,,0.03504655,0.034190647,5.04805E-08,5.3471E-08
6846.85,0.0349457,0.0340946,,,,,,0.034945655,0.034094613,4.49986E-08,-1.31524E-08
6866.87,0.0348454,0.0339991,,,,,,0.03484534,0.033999118,6.02586E-08,-1.77354E-08
6886.89,0.0347456,0.0339042,,,,,,0.034745599,0.033904156,1.23471E-09,4.42296E-08
6906.91,0.0346464,0.0338097,,,,,,0.034646427,0.033809723,-2.71556E-08,-2.27998E-08
6926.93,0.0345478,0.0337158,,,,,,0.03454782,0.033715814,-2.0051E-08,-1.44157E-08
6946.95,0.0344498,0.0336224,,,,,,0.034449773,0.033622426,2.73549E-08,-2.62591E-08
6966.97,0.0343523,0.0335296,,,,,,0.03435228,0.033529554,1.98138E-08,4.59811E-08
6986.99,0.0342554,0.0334372,,,,,,0.034255338,0.033437193,6.2024E-08,6.5683E-09
7007.01,0.034159,0.0333454,,,,,,0.034158941,0.03334534,5.86308E-08,5.97191E-08
7027.03,0.0340631,0.033254,,,,,,0.034063086,0.03325399,1.42273E-08,9.60384E-09
7047.05,0.0339678,0.0331632,,,,,,0.033967767,0.03316314,3.33553E-08,6.03474E-08
7067.07,0.033873,0.0330728,,,,,,0.033872979,0.033072784,2.05059E-08,1.60297E-08
7087.09,0.0337787,0.0329829,,,,,,0.03377872,0.032982919,-1.98799E-08,-1.93139E-08
7107.11,0.033685,0.0328936,,,,,,0.033684983,0.032893542,1.65898E-08,5.83085E-08
7127.13,0.0335918,0.0328047,,,,,,0.033591766,0.032804647,3.4258E-08,5.28455E-08
7147.15,0.0334991,0.0327162,,,,,,0.033499063,0.032716232,3.74201E-08,-3.17968E-08
7167.17,0.0334069,0.0326283,,,,,,0.03340687,0.032628292,3.03239E-08,8.2456E-09
7187.19,0.0333152,0.0325408,,,,,,0.033315183,0.032540823,1.71707E-08,-2.32046E-08
7207.21,0.033224,0.0324538,,,,,,0.033223998,0.032453822,2.11592E-09,-2.23658E-08
7227.23,0.0331333,0.0323673,,,,,,0.033133311,0.032367285,-1.07306E-08,1.45036E-08
7247.25,0.0330431,0.0322812,,,,,,0.033043117,0.032281209,-1.73036E-08,-8.89492E-09
7267.27,0.0329534,0.0321956,,,,,,0.032953414,0.032195589,-1.35822E-08,1.1101E-08
7287.29,0.0328642,0.0321104,,,,,,0.032864196,0.032110422,4.41129E-09,-2.18849E-08
7307.31,0.0327755,0.0320257,,,,,,0.032775459,0.032025704,4.06113E-08,-4.26754E-09
7327.33,0.0326872,0.0319414,,,,,,0.032687201,0.031941432,-1.08999E-09,-3.24991E-08
7347.35,0.0325994,0.0318576,,,,,,0.032599417,0.031857603,-1.68422E-08,-3.06934E-09
7367.37,0.0325121,0.0317742,,,,,,0.032512103,0.031774213,-2.83634E-09,-1.25046E-08
7387.39,0.0324253,0.0316913,,,,,,0.032425255,0.031691257,4.46961E-08,4.26325E-08
7407.41,0.0323389,0.0316087,,,,,,0.032338871,0.031608734,2.94833E-08,-3.42565E-08
7427.43,0.032253,0.0315267,,,,,,0.032252945,0.03152664,5.52138E-08,6.01945E-08
7447.45,0.0321675,0.031445,,,,,,0.032167474,0.031444971,2.55372E-08,2.93168E-08
7467.47,0.0320825,0.0313637,,,,,,0.032082456,0.031363724,4.40645E-08,-2.35925E-08
7487.49,0.0319979,0.0312829,,,,,,0.031997886,0.031282895,1.43684E-08,4.72921E-09
7507.51,0.0319138,0.0312025,,,,,,0.03191376,0.031202482,3.99843E-08,1.75115E-08
7527.53,0.0318301,0.0311225,,,,,,0.031830076,0.031122482,2.44103E-08,1.79505E-08
7547.55,0.0317468,0.0310429,,,,,,0.031746829,0.031042891,-2.88919E-08,9.20969E-09
7567.57,0.031664,0.0309637,,,,,,0.031664016,0.030963706,-1.64969E-08,-5.57955E-09
7587.59,0.0315816,0.0308849,,,,,,0.031581635,0.030884923,-3.50148E-08,-2.33179E-08
7607.61,0.0314997,0.0308066,,,,,,0.031499681,0.030806541,1.8909E-08,5.90626E-08
7627.63,0.0314182,0.0307286,,,,,,0.031418151,0.030728555,4.85945E-08,4.45988E-08
7647.65,0.0313371,0.030651,,,,,,0.031337043,0.030650964,5.73272E-08,3.62968E-08
7667.67,0.0312564,0.0305738,,,,,,0.031256352,0.030573763,4.8359E-08,3.71327E-08
7687.69,0.0311761,0.030497,,,,,,0.031176075,0.03049695,2.49082E-08,5.00522E-08
7707.71,0.0310962,0.0304205,,,,,,0.03109621,0.030420522,-9.83969E-09,-2.2028E-08
7727.73,0.0310168,0.0303445,,,,,,0.031016753,0.030344476,4.72681E-08,2.37794E-08
7747.75,0.0309377,0.0302688,,,,,,0.030937701,0.03026881,-6.47626E-10,-9.66731E-09
7767.77,0.0308591,0.0301935,,,,,,0.03085905,0.03019352,4.9502E-08,-1.95379E-08
7787.79,0.0307808,0.0301186,,,,,,0.030780799,0.030118603,7.74687E-10,-3.03044E-09
7807.81,0.030703,0.0300441,,,,,,0.030702944,0.030044057,5.61971E-08,4.26293E-08
7827.83,0.0306255,0.0299699,,,,,,0.030625481,0.02996988,1.87654E-08,2.01881E-08
7847.85,0.0305484,0.0298961,,,,,,0.030548409,0.029896068,-8.55434E-09,3.23658E-08
7867.87,0.0304717,0.0298226,,,,,,0.030471723,0.029822618,-2.2826E-08,-1.81445E-08
7887.89,0.0303954,0.0297495,,,,,,0.030395421,0.029749529,-2.11427E-08,-2.86763E-08
7907.91,0.0303195,0.0296768,,,,,,0.030319501,0.029676797,-6.26728E-10,3.41097E-09
7927.93,0.030244,0.0296044,,,,,,0.030243958,0.029604419,4.1571E-08,-1.92678E-08
7947.95,0.0301688,0.0295324,,,,,,0.030168792,0.029532394,8.27134E-09,5.87674E-09
7967.97,0.030094,0.0294607,,,,,,0.030093998,0.029460719,2.26699E-09,-1.85912E-08
7987.99,0.0300196,0.0293894,,,,,,0.030019574,0.02938939,2.63231E-08,9.8677E-09
8008.01,0.0299455,0.0293184,,,,,,0.029945517,0.029318406,-1.68224E-08,-6.23164E-09
8028.03,0.0298718,0.0292478,,,,,,0.029871824,0.029247764,-2.44585E-08,3.56014E-08
8048.05,0.0297985,0.0291775,,,,,,0.029798494,0.029177462,6.09887E-09,3.78335E-08
8068.07,0.0297255,0.0291075,,,,,,0.029725522,0.029107497,-2.24921E-08,2.90755E-09
8088.09,0.0296529,0.0290379,,,,,,0.029652908,0.029037867,-7.59942E-09,3.32433E-08
8108.11,0.0295807,0.0289686,,,,,,0.029580647,0.028968569,5.33833E-08,3.12373E-08
8128.13,0.0295087,0.0288996,,,,,,0.029508737,0.028899601,-3.69629E-08,-7.36836E-10
8148.15,0.0294372,0.028831,,,,,,0.029437176,0.02883096,2.3918E-08,3.96721E-08
8168.17,0.029366,0.0287627,,,,,,0.029365961,0.028762645,3.85572E-08,5.4793E-08
8188.19,0.0292951,0.0286947,,,,,,0.029295091,0.028694653,9.46164E-09,4.69328E-08
8208.21,0.0292246,0.028627,,,,,,0.029224561,0.028626982,3.91139E-08,1.83764E-08
8228.23,0.0291544,0.0285596,,,,,,0.02915437,0.028559629,2.99729E-08,-2.86125E-08
8248.25,0.0290845,0.0284926,,,,,,0.029084516,0.028492592,-1.55261E-08,8.20843E-09
8268.27,0.029015,0.0284259,,,,,,0.029014995,0.028425869,5.02886E-09,3.10605E-08
8288.29,0.0289458,0.0283595,,,,,,0.028945806,0.028359458,-5.97322E-09,4.21443E-08
8308.31,0.028877,0.0282934,,,,,,0.028876946,0.028293356,5.38339E-08,4.36399E-08
8328.33,0.0288084,0.0282276,,,,,,0.028808413,0.028227562,-1.3206E-08,3.77071E-08
8348.35,0.0287402,0.0281621,,,,,,0.028740205,0.028162074,-4.77128E-09,2.64856E-08
8368.37,0.0286723,0.0280969,,,,,,0.028672319,0.028096888,-1.85623E-08,1.20953E-08
8388.39,0.0286048,0.028032,,,,,,0.028604752,0.028032003,4.76988E-08,-3.36351E-09
8408.41,0.0285375,0.0279674,,,,,,0.028537504,0.027967418,-3.73123E-09,-1.78097E-08
8428.43,0.0284706,0.0279031,,,,,,0.028470571,0.027903129,2.93829E-08,-2.91816E-08
8448.45,0.028404,0.0278391,,,,,,0.028403951,0.027839135,4.92556E-08,-3.54361E-08
8468.47,0.0283376,0.0277754,,,,,,0.028337642,0.027775435,-4.19193E-08,-3.4549E-08
8488.49,0.0282716,0.027712,,,,,,0.028271642,0.027712025,-4.19684E-08,-2.45146E-08
8508.51,0.028206,0.0276489,,,,,,0.028205949,0.027648903,5.12614E-08,-3.34547E-09
8528.53,0.0281406,0.0275861,,,,,,0.02814056,0.027586069,3.99032E-08,3.09279E-08
8548.55,0.0280755,0.0275235,,,,,,0.028075474,0.02752352,2.60706E-08,-1.9743E-08
8568.57,0.0280107,0.0274613,,,,,,0.028010688,0.027461253,1.18574E-08,4.65758E-08
8588.59,0.0279462,0.0273993,,,,,,0.027946201,0.027399268,-6.61609E-10,3.18006E-08
8608.61,0.027882,0.0273376,,,,,,0.027882009,0.027337562,-9.43095E-09,3.78306E-08
8628.63,0.0278181,0.0272761,,,,,,0.027818112,0.027276133,-1.24138E-08,-3.3452E-08
8648.65,0.0277545,0.027215,,,,,,0.027754508,0.02721498,-7.59215E-09,1.98179E-08
8668.67,0.0276912,0.0271541,,,,,,0.027691193,0.027154101,7.03382E-09,-5.11122E-10
8688.69,0.0276282,0.0270935,,,,,,0.027628167,0.027093493,3.34456E-08,7.39292E-09
8708.71,0.0275654,0.0270332,,,,,,0.027565426,0.027033155,-2.63934E-08,4.53458E-08
8728.73,0.027503,0.0269731,,,,,,0.027502971,0.026973085,2.94626E-08,1.51469E-08
8748.75,0.0274408,0.0269133,,,,,,0.027440797,0.026913281,2.94175E-09,1.858E-08
8768.77,0.0273789,0.0268537,,,,,,0.027378904,0.026853743,-4.04531E-09,-4.25871E-08
8788.79,0.0273173,0.0267945,,,,,,0.02731729,0.026794467,1.0395E-08,3.33978E-08
8808.81,0.027256,0.0267355,,,,,,0.027255952,0.026735452,4.81391E-08,4.82714E-08
8828.83,0.0271949,0.0266767,,,,,,0.027194889,0.026676696,1.10467E-08,3.7553E-09
8848.85,0.0271341,0.0266182,,,,,,0.027134099,0.026618198,9.60968E-10,1.55584E-09
8868.87,0.0270736,0.02656,,,,,,0.02707358,0.026559957,1.97084E-08,4.33645E-08
8888.89,0.0270133,0.026502,,,,,,0.027013331,0.026501969,-3.09005E-08,3.0858E-08
8908.91,0.0269534,0.0264442,,,,,,0.026953349,0.026444234,5.09284E-08,-3.43015E-08
8928.93,0.0268936,0.0263868,,,,,,0.026893633,0.02638675,-3.30264E-08,4.95335E-08
8948.95,0.0268342,0.0263295,,,,,,0.026834181,0.026329516,1.89977E-08,-1.60036E-08
8968.97,0.026775,0.0262725,,,,,,0.026774991,0.026272529,8.74779E-09,-2.92936E-08
8988.99,0.0267161,0.0262158,,,,,,0.026716062,0.026215789,3.79556E-08,1.12687E-08
9009.01,0.0266574,0.0261593,,,,,,0.026657392,0.026159293,8.33771E-09,7.2747E-09
9029.03,0.026599,0.026103,,,,,,0.026598978,0.02610304,2.15955E-08,-3.96979E-08
9049.05,0.0265408,0.026047,,,,,,0.026540821,0.026047028,-2.05844E-08,-2.8085E-08
9069.07,0.0264829,0.0259913,,,,,,0.026482917,0.025991256,-1.65301E-08,4.36642E-08
9089.09,0.0264253,0.0259357,,,,,,0.026425265,0.025935723,3.54156E-08,-2.29129E-08
9109.11,0.0263679,0.0258804,,,,,,0.026367863,0.025880426,3.68957E-08,-2.62918E-08
9129.13,0.0263107,0.0258254,,,,,,0.02631071,0.025825365,-1.04611E-08,3.50389E-08
9149.15,0.0262538,0.0257705,,,,,,0.026253805,0.025770537,-5.04034E-09,-3.74223E-08
9169.17,0.0261971,0.0257159,,,,,,0.026197145,0.025715942,-4.52413E-08,-4.21895E-08
9189.19,0.0261407,0.0256616,,,,,,0.026140729,0.025661578,-2.94771E-08,2.22107E-08
9209.21,0.0260846,0.0256074,,,,,,0.026084556,0.025607443,4.38253E-08,-4.2761E-08
9229.23,0.0260286,0.0255535,,,,,,0.026028624,0.025553536,-2.37742E-08,-3.56558E-08
9249.25,0.0259729,0.0254999,,,,,,0.025972931,0.025499855,-3.07293E-08,4.49625E-08
9269.27,0.0259175,0.0254464,,,,,,0.025917476,0.025446399,2.44931E-08,5.18359E-10
9289.29,0.0258623,0.0253932,,,,,,0.025862257,0.025393168,4.34132E-08,3.24242E-08
9309.31,0.0258073,0.0253402,,,,,,0.025807272,0.025340158,2.75381E-08,4.20807E-08
9329.33,0.0257525,0.0252874,,,,,,0.025752522,0.025287369,-2.16378E-08,3.08769E-08
9349.35,0.025698,0.0252348,,,,,,0.025698003,0.0252348,-2.6328E-09,1.90029E-10
9369.37,0.0256437,0.0251825,,,,,,0.025643714,0.025182449,-1.39777E-08,5.13862E-08
9389.39,0.0255897,0.0251303,,,,,,0.025589654,0.025130314,4.57843E-08,-1.41798E-08
9409.41,0.0255358,0.0250784,,,,,,0.025535822,0.025078395,-2.19022E-08,4.83533E-09
9429.43,0.0254822,0.0250267,,,,,,0.025482216,0.02502669,-1.56048E-08,9.76411E-09
9449.45,0.0254288,0.0249752,,,,,,0.025428834,0.024975198,-3.39031E-08,1.92795E-09
9469.47,0.0253757,0.0249239,,,,,,0.025375675,0.024923917,2.46115E-08,-1.73625E-08
9489.49,0.0253227,0.0248728,,,,,,0.025322739,0.024872847,-3.86643E-08,-4.68075E-08
9509.51,0.02527,0.024822,,,,,,0.025270022,0.024821985,-2.23453E-08,1.48822E-08
9529.53,0.0252175,0.0247713,,,,,,0.025217525,0.024771331,-2.50579E-08,-3.10146E-08
9549.55,0.0251652,0.0247209,,,,,,0.025165245,0.024720883,-4.54397E-08,1.67702E-08
9569.57,0.0251132,0.0246706,,,,,,0.025113182,0.024670641,1.78601E-08,-4.05052E-08
9589.59,0.0250613,0.0246206,,,,,,0.025061334,0.024620602,-3.38185E-08,-1.5933E-09
9609.61,0.0250097,0.0245708,,,,,,0.025009699,0.024570765,8.53096E-10,3.47437E-08
9629.63,0.0249583,0.0245211,,,,,,0.024958277,0.02452113,2.31929E-08,-3.02665E-08
9649.65,0.0249071,0.0244717,,,,,,0.024907065,0.024471695,3.45079E-08,4.59372E-09
9669.67,0.0248561,0.0244225,,,,,,0.024856064,0.024422459,3.60944E-08,4.05324E-08
9689.69,0.0248053,0.0243734,,,,,,0.024805271,0.024373421,2.92381E-08,-2.12522E-08
9709.71,0.0247547,0.0243246,,,,,,0.024754685,0.02432458,1.52144E-08,2.04286E-08
9729.73,0.0247043,0.0242759,,,,,,0.024704305,0.024275933,-4.71193E-09,-3.32462E-08
9749.75,0.0246541,0.0242275,,,,,,0.024654129,0.024227481,-2.92863E-08,1.88933E-08
9769.77,0.0246042,0.0241792,,,,,,0.024604157,0.024179222,4.27357E-08,-2.19926E-08
9789.79,0.0245544,0.0241312,,,,,,0.024554387,0.024131155,1.25884E-08,4.52473E-08
9809.81,0.0245048,0.0240833,,,,,,0.024504819,0.024083278,-1.85037E-08,2.17551E-08
9829.83,0.0244554,0.0240356,,,,,,0.024455449,0.024035591,-4.93262E-08,8.66373E-09
9849.85,0.0244063,0.0239881,,,,,,0.024406279,0.023988093,2.13256E-08,7.09725E-09
9869.87,0.0243573,0.0239408,,,,,,0.024357305,0.023940782,-5.35302E-09,1.81708E-08
9889.89,0.0243085,0.0238937,,,,,,0.024308528,0.023893657,-2.81767E-08,4.29909E-08
9909.91,0.0242599,0.0238467,,,,,,0.024259946,0.023846717,-4.59694E-08,-1.73449E-08
9929.93,0.0242116,0.0238,,,,,,0.024211558,0.023799962,4.24355E-08,3.82526E-08
9949.95,0.0241634,0.0237534,,,,,,0.024163362,0.023753389,3.81955E-08,1.08639E-08
9969.97,0.0241154,0.023707,,,,,,0.024115358,0.023706998,4.24586E-08,1.56115E-09
9989.99,0.0240675,0.0236608,,,,,,0.024067544,0.023660789,-4.36361E-08,1.14081E-08
10010,0.0240199,0.0236148,,,,,,0.024019943,0.023614781,-4.27E-08,1.8513E-08
10030,0.0239725,0.0235689,,,,,,0.023972553,0.023568976,-5.33312E-08,-7.58101E-08
10050.1,0.0239252,0.0235232,,,,,,0.023925115,0.02352312,8.49617E-08,8.02096E-08
10070.1,0.0238782,0.0234777,,,,,,0.023878099,0.023477669,1.01261E-07,3.13256E-08
10090.1,0.0238313,0.0234324,,,,,,0.023831267,0.023432393,3.31344E-08,7.13979E-09
10110.1,0.0237846,0.0233873,,,,,,0.023784618,0.023387291,-1.83342E-08,8.66454E-09
10130.1,0.0237381,0.0233423,,,,,,0.023738152,0.023342363,-5.20706E-08,-6.30957E-08
10150.2,0.0236918,0.0232975,,,,,,0.023691636,0.023297384,1.63963E-07,1.16204E-07
10170.2,0.0236456,0.0232529,,,,,,0.023645532,0.0232528,6.79834E-08,1.00003E-07
10190.2,0.0235996,0.0232084,,,,,,0.023599607,0.023208387,-7.08522E-09,1.34882E-08
10210.2,0.0235538,0.0231641,,,,,,0.02355386,0.023164142,-6.02012E-08,-4.23648E-08
10230.2,0.0235082,0.02312,,,,,,0.02350829,0.023120067,-9.03312E-08,-6.65899E-08
10250.3,0.0234628,0.023076,,,,,,0.02346267,0.023075939,1.30079E-07,6.08952E-08
10270.3,0.0234175,0.0230323,,,,,,0.023417452,0.023032198,4.81174E-08,1.01967E-07
10290.3,0.0233724,0.0229886,,,,,,0.023372408,0.022988622,-7.80073E-09,-2.24727E-08
10310.3,0.0233275,0.0229452,,,,,,0.023327537,0.022945211,-3.66732E-08,-1.14858E-08
10330.3,0.0232828,0.0229019,,,,,,0.023282838,0.022901964,-3.75059E-08,-6.41418E-08
10350.4,0.0232382,0.0228588,,,,,,0.023238087,0.022858665,1.12901E-07,1.35499E-07
10370.4,0.0231938,0.0228158,,,,,,0.02319373,0.022815742,7.02527E-08,5.75136E-08
10390.4,0.0231496,0.022773,,,,,,0.023149541,0.022772981,5.85865E-08,1.86402E-08
10410.4,0.0231055,0.0227304,,,,,,0.023105521,0.02273038,-2.11335E-08,1.97812E-08
10430.4,0.0230616,0.0226879,,,,,,0.023061668,0.022687938,-6.79504E-08,-3.81672E-08
10450.5,0.0230179,0.0226455,,,,,,0.023017763,0.022645443,1.37105E-07,5.67078E-08
10470.5,0.0229743,0.0226034,,,,,,0.022974242,0.022603318,5.8112E-08,8.24582E-08
10490.5,0.0229309,0.0225614,,,,,,0.022930885,0.022561348,1.48544E-08,5.17722E-08
10510.5,0.0228877,0.0225195,,,,,,0.022887692,0.022519534,8.26012E-09,-3.44804E-08
10530.5,0.0228446,0.0224778,,,,,,0.022844661,0.022477875,-6.07495E-08,-7.54361E-08
10550.6,0.0228017,0.0224363,,,,,,0.022801577,0.022436163,1.22683E-07,1.36903E-07
10570.6,0.0227589,0.0223949,,,,,,0.022758869,0.022394812,3.07783E-08,8.83424E-08
10590.6,0.0227163,0.0223536,,,,,,0.022716321,0.022353612,-2.08148E-08,-1.23649E-08
10610.6,0.0226739,0.0223125,,,,,,0.022673931,0.022312564,-3.12023E-08,-6.43811E-08
10630.6,0.0226316,0.0222716,,,,,,0.022631699,0.022271667,-9.94968E-08,-6.6874E-08
10650.7,0.0225895,0.0222308,,,,,,0.022589415,0.022230716,8.51626E-08,8.43469E-08
10670.7,0.0225476,0.0221902,,,,,,0.022547497,0.022190117,1.02911E-07,8.26301E-08
10690.7,0.0225058,0.0221497,,,,,,0.022505735,0.022149667,6.53791E-08,3.29004E-08
10710.7,0.0224641,0.0221093,,,,,,0.022464127,0.022109364,-2.65716E-08,-6.40344E-08
10730.7,0.0224226,0.0220691,,,,,,0.022422672,0.022069207,-7.20865E-08,-1.07372E-07
10750.8,0.0223813,0.0220291,,,,,,0.022381164,0.022028997,1.3581E-07,1.03374E-07
10770.8,0.0223401,0.0219892,,,,,,0.022340015,0.021989131,8.49489E-08,6.88917E-08
10790.8,0.022299,0.0219494,,,,,,0.022299017,0.02194941,-1.69447E-08,-9.6183E-09
10810.8,0.0222581,0.0219098,,,,,,0.022258169,0.021909831,-6.90412E-08,-3.13766E-08
10830.8,0.0222174,0.0218703,,,,,,0.022217471,0.021870396,-7.05165E-08,-9.56097E-08
10850.9,0.0221768,0.021831,,,,,,0.022176718,0.021830905,8.1825E-08,9.4566E-08
10870.9,0.0221364,0.0217918,,,,,,0.022136317,0.021791753,8.33029E-08,4.69788E-08
10890.9,0.0220961,0.0217528,,,,,,0.022096062,0.021752741,3.78418E-08,5.9208E-08
10910.9,0.0220559,0.0217138,,,,,,0.022055954,0.021713868,-5.37581E-08,-6.7995E-08
10930.9,0.0220159,0.0216751,,,,,,0.022015991,0.021675134,-9.07025E-08,-3.38839E-08
10951,0.0219761,0.0216364,,,,,,0.021975973,0.021636345,1.26528E-07,5.49176E-08
10971,0.0219364,0.0215979,,,,,,0.021936299,0.021597887,1.00538E-07,1.31899E-08
10991,0.0218968,0.0215596,,,,,,0.021896768,0.021559565,3.15561E-08,3.49867E-08
11011,0.0218574,0.0215214,,,,,,0.02185738,0.021521379,2.03542E-08,2.10332E-08
11031,0.0218181,0.0214833,,,,,,0.021818132,0.021483328,-3.23016E-08,-2.79505E-08
11051.1,0.0217789,0.0214453,,,,,,0.02177883,0.021445222,6.95302E-08,7.79976E-08
11071.1,0.0217399,0.0214075,,,,,,0.021739864,0.02140744,3.5545E-08,6.04269E-08
11091.1,0.0217011,0.0213698,,,,,,0.021701038,0.02136979,6.23751E-08,9.95921E-09
11111.1,0.0216623,0.0213323,,,,,,0.021662349,0.021332273,-4.9235E-08,2.72945E-08
11131.1,0.0216237,0.0212948,,,,,,0.021623799,0.021294887,-9.85462E-08,-8.68721E-08
11151.2,0.0215853,0.0212575,,,,,,0.021585193,0.021257446,1.06901E-07,5.40971E-08
11171.2,0.021547,0.0212204,,,,,,0.021546916,0.021220322,8.37045E-08,7.83434E-08
11191.2,0.0215088,0.0211833,,,,,,0.021508775,0.021183327,2.49965E-08,-2.68527E-08
11211.2,0.0214707,0.0211464,,,,,,0.021470769,0.021146461,-6.85047E-08,-6.08155E-08
11231.2,0.0214328,0.0211097,,,,,,0.021432896,0.021109723,-9.60857E-08,-2.28737E-08
11251.3,0.0213951,0.021073,,,,,,0.021394969,0.02107293,1.31323E-07,7.03725E-08
11271.3,0.0213574,0.0210365,,,,,,0.021357363,0.021036447,3.70404E-08,5.34859E-08
11291.3,0.0213199,0.0210001,,,,,,0.021319889,0.02100009,1.07914E-08,1.04926E-08
11311.3,0.0212825,0.0209638,,,,,,0.021282547,0.020963858,-4.67307E-08,-5.79546E-08
11331.3,0.0212453,0.0209277,,,,,,0.021245335,0.020927751,-3.48373E-08,-5.12074E-08
11351.4,0.0212082,0.0208917,,,,,,0.021208068,0.020891589,1.3224E-07,1.1098E-07
11371.4,0.0211712,0.0208558,,,,,,0.021171116,0.020855731,8.43668E-08,6.94265E-08
11391.4,0.0211343,0.02082,,,,,,0.021134292,0.020819995,7.94935E-09,4.98868E-09
11411.4,0.0210976,0.0207844,,,,,,0.021097596,0.020784382,3.65743E-09,1.8297E-08
11431.4,0.021061,0.0207488,,,,,,0.021061028,0.02074889,-2.7844E-08,-9.00222E-08
11451.5,0.0210245,0.0207134,,,,,,0.021024404,0.020713343,9.59982E-08,5.72034E-08
11471.5,0.0209881,0.0206781,,,,,,0.020988089,0.020678093,1.14263E-08,6.89039E-09
11491.5,0.0209519,0.020643,,,,,,0.020951898,0.020642963,1.61545E-09,3.68063E-08
11511.5,0.0209158,0.0206079,,,,,,0.020915833,0.020607952,-3.27876E-08,-5.24395E-08
11531.5,0.0208798,0.020573,,,,,,0.020879891,0.02057306,-9.11406E-08,-6.02418E-08
11551.6,0.020844,0.0205382,,,,,,0.020843894,0.020538112,1.05977E-07,8.75765E-08
11571.6,0.0208082,0.0205035,,,,,,0.020808199,0.020503456,1.02213E-09,4.38755E-08
11591.6,0.0207726,0.0204689,,,,,,0.020772626,0.020468917,-2.59793E-08,-1.65875E-08
11611.6,0.0207372,0.0204345,,,,,,0.020737174,0.020434493,2.55979E-08,6.77637E-09
11631.6,0.0207018,0.0204001,,,,,,0.020701844,0.020400185,-4.36255E-08,-8.54476E-08
11651.7,0.0206665,0.0203659,,,,,,0.020666457,0.020365822,4.27188E-08,7.79977E-08
11671.7,0.0206314,0.0203318,,,,,,0.020631367,0.020331744,3.31427E-08,5.5767E-08
11691.7,0.0205964,0.0202978,,,,,,0.020596395,0.02029778,4.60551E-09,1.96834E-08
11711.7,0.0205615,0.0202639,,,,,,0.020561542,0.02026393,-4.22887E-08,-2.96837E-08
11731.7,0.0205268,0.0202301,,,,,,0.020526807,0.020230192,-6.94027E-09,-9.17683E-08
11751.8,0.0204921,0.0201965,,,,,,0.020492016,0.020196398,8.40443E-08,1.0184E-07
11771.8,0.0204576,0.0201629,,,,,,0.020457515,0.020162885,8.50802E-08,1.54457E-08
11791.8,0.0204231,0.0201295,,,,,,0.02042313,0.020129482,-2.98628E-08,1.8012E-08
11811.8,0.0203888,0.0200962,,,,,,0.02038886,0.02009619,-6.02009E-08,1.00895E-08
11831.8,0.0203547,0.020063,,,,,,0.020354705,0.020063008,-5.35431E-09,-7.77448E-09
11851.9,0.0203206,0.0200298,,,,,,0.020320495,0.02002977,1.0517E-07,3.00534E-08
11871.9,0.0202866,0.0199969,,,,,,0.020286568,0.019996807,3.15437E-08,9.33909E-08
11891.9,0.0202528,0.019964,,,,,,0.020252755,0.019963952,4.48215E-08,4.841E-08
11911.9,0.020219,0.0199312,,,,,,0.020219054,0.019931204,-5.44319E-08,-4.35636E-09
11931.9,0.0201854,0.0198985,,,,,,0.020185466,0.019898564,-6.56557E-08,-6.43786E-08
11952,0.0201519,0.0198659,,,,,,0.020151821,0.019865869,7.88151E-08,3.12682E-08
11972,0.0201185,0.0198335,,,,,,0.020118455,0.019833442,4.47654E-08,5.77793E-08
11992,0.0200852,0.0198011,,,,,,0.0200852,0.019801121,4.08231E-10,-2.13951E-08
12012,0.020052,0.0197689,,,,,,0.020052054,0.019768906,-5.37101E-08,-5.73894E-09
12032,0.020019,0.0197367,,,,,,0.020019017,0.019736795,-1.70472E-08,-9.47398E-08
12052.1,0.019986,0.0197047,,,,,,0.019985925,0.019704628,7.53037E-08,7.18849E-08
12072.1,0.0199532,0.0196728,,,,,,0.019953105,0.019672725,9.4603E-08,7.45772E-08
12092.1,0.0199204,0.0196409,,,,,,0.019920394,0.019640926,6.29253E-09,-2.58674E-08
12112.1,0.0198878,0.0196092,,,,,,0.019887789,0.019609229,1.09006E-08,-2.89496E-08
12132.1,0.0198552,0.0195776,,,,,,0.019855291,0.019577634,-9.10479E-08,-3.41732E-08
12152.2,0.0198228,0.0195461,,,,,,0.019822737,0.019545984,6.26632E-08,1.16166E-07
12172.2,0.0197905,0.0195146,,,,,,0.019790451,0.019514592,4.86365E-08,7.63022E-09
12192.2,0.0197583,0.0194833,,,,,,0.01975827,0.019483302,2.96103E-08,-1.575E-09
12212.2,0.0197262,0.0194521,,,,,,0.019726194,0.019452111,6.09584E-09,-1.09665E-08
12232.2,0.0196942,0.019421,,,,,,0.019694221,0.01942102,-2.13987E-08,-2.00638E-08
12252.3,0.0196623,0.0193899,,,,,,0.019662193,0.019389874,1.06717E-07,2.63202E-08
12272.3,0.0196305,0.019359,,,,,,0.019630428,0.019358981,7.226E-08,1.87475E-08
12292.3,0.0195988,0.0193282,,,,,,0.019598765,0.019328187,3.53295E-08,1.28942E-08
12312.3,0.0195672,0.0192975,,,,,,0.019567204,0.019297491,-3.57895E-09,9.22855E-09
12332.3,0.0195357,0.0192668,,,,,,0.019535744,0.019266892,-4.39735E-08,-9.17842E-08
12352.4,0.0195043,0.0192363,,,,,,0.019504229,0.019236237,7.11745E-08,6.25861E-08
12372.4,0.019473,0.0192059,,,,,,0.019472971,0.019205832,2.87693E-08,6.77823E-08
12392.4,0.0194418,0.0191755,,,,,,0.019441814,0.019175523,-1.36629E-08,-2.2988E-08
12412.4,0.0194107,0.0191453,,,,,,0.019410756,0.019145309,-5.56427E-08,-9.27126E-09
12432.4,0.0193797,0.0191151,,,,,,0.019379797,0.019115191,-9.66937E-08,-9.06166E-08
12452.5,0.0193489,0.0190851,,,,,,0.019348782,0.019085017,1.17712E-07,8.3307E-08
12472.5,0.0193181,0.0190551,,,,,,0.019318021,0.019055087,7.94458E-08,1.27087E-08
12492.5,0.0192874,0.0190253,,,,,,0.019287356,0.019025252,4.35215E-08,4.83858E-08
12512.5,0.0192568,0.0189955,,,,,,0.01925679,0.018995509,1.04034E-08,-9.22203E-09
12532.5,0.0192263,0.0189658,,,,,,0.019226319,0.01896586,-1.94471E-08,-5.9678E-08
12552.6,0.0191959,0.0189362,,,,,,0.019195794,0.018936155,1.06057E-07,4.50062E-08
12572.6,0.0191656,0.0189067,,,,,,0.019165516,0.01890669,8.36358E-08,9.69469E-09
12592.6,0.0191353,0.0188773,,,,,,0.019135334,0.018877317,-3.41485E-08,-1.71686E-08
12612.6,0.0191052,0.018848,,,,,,0.019105247,0.018848035,-4.68464E-08,-3.51576E-08
12632.6,0.0190752,0.0188188,,,,,,0.019075254,0.018818844,-5.40109E-08,-4.3849E-08
12652.7,0.0190453,0.0187897,,,,,,0.019045206,0.018789598,9.40608E-08,1.02457E-07
12672.7,0.0190154,0.0187606,,,,,,0.019015401,0.018760587,-1.17395E-09,1.31723E-08
12692.7,0.0189857,0.0187317,,,,,,0.01898569,0.018731666,1.04512E-08,3.4442E-08
12712.7,0.0189561,0.0187028,,,,,,0.018956071,0.018702833,2.93722E-08,-3.33211E-08
12732.7,0.0189265,0.018674,,,,,,0.018926544,0.01867409,-4.39779E-08,-8.97064E-08
12752.8,0.018897,0.0186454,,,,,,0.018896962,0.018645291,3.77756E-08,1.0875E-07
12772.8,0.0188677,0.0186168,,,,,,0.018867619,0.018616724,8.07164E-08,7.59039E-08
12792.8,0.0188384,0.0185883,,,,,,0.018838367,0.018588244,3.26717E-08,5.56539E-08
12812.8,0.0188092,0.0185598,,,,,,0.018809206,0.018559852,-5.93573E-09,-5.15994E-08
12832.8,0.0187801,0.0185315,,,,,,0.018780135,0.018531545,-3.46861E-08,-4.54578E-08
12852.9,0.0187511,0.0185033,,,,,,0.018751008,0.018503185,9.15207E-08,1.15358E-07
12872.9,0.0187222,0.0184751,,,,,,0.018722117,0.018475051,8.32883E-08,4.90456E-08
12892.9,0.0186933,0.018447,,,,,,0.018693314,0.018447003,-1.38407E-08,-2.69015E-09
12912.9,0.0186646,0.018419,,,,,,0.018664599,0.018419039,5.43421E-10,-3.94609E-08
12932.9,0.0186359,0.0183911,,,,,,0.018635973,0.018391161,-7.31523E-08,-6.08806E-08
12953,0.0186074,0.0183633,,,,,,0.018607292,0.018363228,1.0795E-07,7.21952E-08
12973,0.0185789,0.0183356,,,,,,0.018578841,0.018335518,5.88712E-08,8.22083E-08
12993,0.0185505,0.0183079,,,,,,0.018550477,0.018307891,2.29207E-08,8.71896E-09
13013,0.0185222,0.0182803,,,,,,0.0185222,0.018280348,4.96224E-10,-4.78961E-08
13033,0.018494,0.0182528,,,,,,0.018494008,0.018252887,-8.00738E-09,-8.72622E-08
13053.1,0.0184658,0.0182254,,,,,,0.018465762,0.018225372,3.81167E-08,2.76778E-08
13073.1,0.0184378,0.0181981,,,,,,0.018437742,0.018198076,5.82043E-08,2.35153E-08
13093.1,0.0184098,0.0181709,,,,,,0.018409807,0.018170862,-6.61511E-09,3.7714E-08
13113.1,0.0183819,0.0181437,,,,,,0.018381956,0.018143729,-5.59562E-08,-2.93605E-08
13133.1,0.0183541,0.0181166,,,,,,0.018354189,0.018116677,-8.94358E-08,-7.73445E-08
13153.2,0.0183264,0.0180896,,,,,,0.018326368,0.018089571,3.15306E-08,2.87789E-08
13173.2,0.0182988,0.0180627,,,,,,0.01829877,0.01806268,3.04975E-08,1.96576E-08
13193.2,0.0182713,0.0180359,,,,,,0.018271254,0.018035869,4.6463E-08,3.07063E-08
13213.2,0.0182438,0.0180091,,,,,,0.01824382,0.018009138,-2.01992E-08,-3.77202E-08
13233.2,0.0182164,0.0179824,,,,,,0.018216469,0.017982485,-6.91173E-08,-8.52691E-08
13253.3,0.0181891,0.0179558,,,,,,0.018189064,0.017955779,3.62188E-08,2.10816E-08
13273.3,0.0181619,0.0179293,,,,,,0.018161877,0.017929284,2.34879E-08,1.59472E-08
13293.3,0.0181348,0.0179029,,,,,,0.01813477,0.017902867,2.96045E-08,3.27382E-08
13313.3,0.0181077,0.0178765,,,,,,0.018107745,0.017876528,-4.50687E-08,-2.82006E-08
13333.3,0.0180808,0.0178502,,,,,,0.0180808,0.017850267,-1.70982E-10,-6.65266E-08
13353.4,0.0180539,0.017824,,,,,,0.018053801,0.017823951,9.87797E-08,4.88306E-08
13373.4,0.0180271,0.0177979,,,,,,0.018027017,0.017797844,8.34948E-08,5.63669E-08
13393.4,0.0180003,0.0177718,,,,,,0.018000311,0.017771812,-1.11482E-08,-1.24667E-08
13413.4,0.0179737,0.0177458,,,,,,0.017973685,0.017745857,1.52028E-08,-5.73356E-08
13433.4,0.0179471,0.0177199,,,,,,0.017947137,0.017719978,-3.71022E-08,-7.79072E-08
13453.5,0.0179206,0.0176941,,,,,,0.017920536,0.017694045,6.44357E-08,5.49807E-08
13473.5,0.0178942,0.0176684,,,,,,0.017894145,0.017668316,5.54719E-08,8.36197E-08
13493.5,0.0178678,0.0176427,,,,,,0.017867831,0.017642662,-3.11082E-08,3.7544E-08
13513.5,0.0178416,0.0176171,,,,,,0.017841595,0.017617083,5.0373E-09,1.70787E-08
13533.5,0.0178154,0.0175915,,,,,,0.017815436,0.017591577,-3.57517E-08,-7.74532E-08
13553.6,0.0177893,0.0175661,,,,,,0.017789223,0.017566019,7.70839E-08,8.12434E-08
13573.6,0.0177633,0.0175407,,,,,,0.017763217,0.017540661,8.30571E-08,3.9174E-08
13593.6,0.0177373,0.0175154,,,,,,0.017737287,0.017515376,1.31053E-08,2.39976E-08
13613.6,0.0177114,0.0174901,,,,,,0.017711432,0.017490164,-3.24395E-08,-6.39698E-08
13633.6,0.0176856,0.017465,,,,,,0.017685653,0.017465024,-5.32472E-08,-2.44145E-08
13653.7,0.0176599,0.0174399,,,,,,0.017659821,0.017439832,7.93439E-08,6.81318E-08
13673.7,0.0176342,0.0174149,,,,,,0.017634191,0.017414837,8.62058E-09,6.33085E-08
13693.7,0.0176086,0.0173899,,,,,,0.017608636,0.017389913,-3.63852E-08,-1.30596E-08
13713.7,0.0175831,0.017365,,,,,,0.017583155,0.017365061,-5.53511E-08,-6.06658E-08
13733.7,0.0175577,0.0173402,,,,,,0.017557748,0.017340279,-4.79564E-08,-7.92052E-08
13753.8,0.0175323,0.0173155,,,,,,0.017532287,0.017315445,1.26042E-08,5.50029E-08
13773.8,0.0175071,0.0172908,,,,,,0.017507027,0.017290805,7.33102E-08,-4.84554E-09
13793.8,0.0174818,0.0172662,,,,,,0.017481839,0.017266235,-3.86709E-08,-3.4721E-08
13813.8,0.0174567,0.0172417,,,,,,0.017456723,0.017241734,-2.30258E-08,-3.43253E-08
13833.8,0.0174316,0.0172173,,,,,,0.017431679,0.017217303,-7.9443E-08,-3.3622E-09
13853.9,0.0174066,0.0171929,,,,,,0.017406583,0.01719282,1.70666E-08,8.00991E-08
13873.9,0.0173817,0.0171686,,,,,,0.017381683,0.017168527,1.70956E-08,7.27362E-08
13893.9,0.0173569,0.0171443,,,,,,0.017356854,0.017144303,4.59876E-08,-3.17852E-09
13913.9,0.0173321,0.0171201,,,,,,0.017332096,0.017120147,4.04704E-09,-4.73553E-08
13933.9,0.0173074,0.017096,,,,,,0.017307408,0.01709606,-8.42344E-09,-5.95061E-08
13954,0.0172827,0.017072,,,,,,0.017282668,0.017071919,3.17877E-08,8.05869E-08
13974,0.0172582,0.017048,,,,,,0.017258121,0.017047967,7.88097E-08,3.30099E-08
13994,0.0172337,0.0170241,,,,,,0.017233644,0.017024082,5.62009E-08,1.83151E-08
14014,0.0172092,0.0170002,,,,,,0.017209236,0.017000263,-3.57426E-08,-6.32159E-08
14034,0.0171849,0.0169765,,,,,,0.017184897,0.016976511,3.27325E-09,-1.13028E-08
14054.1,0.0171606,0.0169528,,,,,,0.017160505,0.016952707,9.47201E-08,9.2595E-08
14074.1,0.0171363,0.0169291,,,,,,0.017136304,0.016929088,-3.81102E-09,1.19011E-08
14094.1,0.0171122,0.0169055,,,,,,0.017112171,0.016905535,2.94913E-08,-3.45164E-08
14114.1,0.0170881,0.016882,,,,,,0.017088105,0.016882046,-5.08534E-09,-4.63834E-08
14134.1,0.0170641,0.0168586,,,,,,0.017064107,0.016858623,-7.25499E-09,-2.34276E-08
14154.2,0.0170401,0.0168352,,,,,,0.017040057,0.016835149,4.27507E-08,5.12496E-08
14174.2,0.0170162,0.0168119,,,,,,0.017016194,0.016811856,5.91215E-09,4.43399E-08
14194.2,0.0169924,0.0167886,,,,,,0.016992398,0.016788627,2.33036E-09,-2.69373E-08
14214.2,0.0169687,0.0167654,,,,,,0.016968668,0.016765462,3.22849E-08,-6.23157E-08
14234.2,0.016945,0.0167423,,,,,,0.016945004,0.016742362,-3.94603E-09,-6.15302E-08
14254.3,0.0169213,0.0167193,,,,,,0.016921288,0.016719209,1.17381E-08,9.07095E-08
14274.3,0.0168978,0.0166963,,,,,,0.016897756,0.016696236,4.36366E-08,6.42959E-08
14294.3,0.0168743,0.0166733,,,,,,0.01687429,0.016673325,1.01757E-08,-2.51663E-08
14314.3,0.0168509,0.0166505,,,,,,0.016850888,0.016650477,1.16276E-08,2.25821E-08
14334.3,0.0168275,0.0166277,,,,,,0.016827552,0.016627692,-5.17375E-08,7.79875E-09
14354.4,0.0168042,0.0166049,,,,,,0.016804163,0.016604856,3.65481E-08,4.41988E-08
14374.4,0.016781,0.0165822,,,,,,0.016780956,0.016582195,4.40337E-08,4.81036E-09
14394.4,0.0167578,0.0165596,,,,,,0.016757812,0.016559596,-1.24939E-08,3.65641E-09
14414.4,0.0167347,0.016537,,,,,,0.016734733,0.016537059,-3.27704E-08,-5.90109E-08
14434.4,0.0167117,0.0165145,,,,,,0.016711717,0.016514583,-1.65326E-08,-8.29406E-08
14454.5,0.0166887,0.0164921,,,,,,0.016688649,0.016492056,5.10877E-08,4.40389E-08
14474.5,0.0166658,0.0164697,,,,,,0.016665759,0.016469702,4.08231E-08,-1.97206E-09
14494.5,0.0166429,0.0164474,,,,,,0.016642932,0.016447409,-3.21455E-08,-8.50002E-09
14514.5,0.0166202,0.0164252,,,,,,0.016620168,0.016425175,3.24393E-08,2.47005E-08
14534.5,0.0165974,0.016403,,,,,,0.016597465,0.016403002,-6.51668E-08,-2.12651E-09
14554.6,0.0165748,0.0163808,,,,,,0.016574712,0.016380778,8.83379E-08,2.1679E-08
14574.6,0.0165522,0.0163588,,,,,,0.016552133,0.016358725,6.68046E-08,7.5227E-08
14594.6,0.0165296,0.0163367,,,,,,0.016529616,0.016336731,-1.61589E-08,-3.05269E-08
14614.6,0.0165071,0.0163148,,,,,,0.01650716,0.016314795,-6.03023E-08,4.65631E-09
14634.6,0.0164847,0.0162929,,,,,,0.016484765,0.016292919,-6.53765E-08,-1.89859E-08
14654.7,0.0164624,0.016271,,,,,,0.01646232,0.016270992,8.03854E-08,7.72485E-09
14674.7,0.0164401,0.0162493,,,,,,0.016440046,0.016249233,5.38896E-08,6.68484E-08
14694.7,0.0164178,0.0162275,,,,,,0.016417833,0.016227532,-3.27968E-08,-3.21472E-08
14714.7,0.0163957,0.0162059,,,,,,0.016395679,0.016205889,2.05698E-08,1.09708E-08
14734.7,0.0163735,0.0161843,,,,,,0.016373586,0.016184304,-8.57682E-08,-3.56643E-09
14754.8,0.0163515,0.0161627,,,,,,0.016351442,0.016162668,5.84521E-08,3.19675E-08
14774.8,0.0163295,0.0161412,,,,,,0.016329467,0.016141197,3.3131E-08,2.52346E-09
14794.8,0.0163076,0.0161198,,,,,,0.016307551,0.016119784,4.88257E-08,1.61119E-08
14814.8,0.0162857,0.0160984,,,,,,0.016285694,0.016098427,5.77338E-09,-2.70407E-08
14834.8,0.0162639,0.0160771,,,,,,0.016263896,0.016077127,4.20986E-09,-2.67091E-08
14854.9,0.0162421,0.0160558,,,,,,0.016242047,0.016055777,5.29246E-08,2.34097E-08
14874.9,0.0162204,0.0160346,,,,,,0.016220365,0.016034589,3.47518E-08,1.11008E-08
14894.9,0.0161987,0.0160135,,,,,,0.016198741,0.016013457,-4.12309E-08,4.29456E-08
14914.9,0.0161772,0.0159924,,,,,,0.016177175,0.015992381,2.52075E-08,1.91648E-08
14934.9,0.0161556,0.0159713,,,,,,0.016155666,0.01597136,-6.57033E-08,-6.00224E-08
14955,0.0161342,0.0159503,,,,,,0.016134107,0.01595029,9.33817E-08,1.02922E-08
14975,0.0161127,0.0159294,,,,,,0.016112712,0.015929379,-1.18275E-08,2.06716E-08
14995,0.0160914,0.0159085,,,,,,0.016091374,0.015908524,2.62969E-08,-2.37031E-08
15015,0.0160701,0.0158877,,,,,,0.016070092,0.015887723,7.97974E-09,-2.26171E-08
15035,0.0160488,0.0158669,,,,,,0.016048867,0.015866976,-6.65554E-08,-7.58567E-08
15055.1,0.0160276,0.0158462,,,,,,0.016027591,0.01584618,8.62104E-09,2.01182E-08
15075.1,0.0160065,0.0158256,,,,,,0.016006478,0.015825541,2.20379E-08,5.85949E-08
15095.1,0.0159854,0.015805,,,,,,0.01598542,0.015804957,-2.00981E-08,4.33813E-08
15115.1,0.0159644,0.0157844,,,,,,0.015964418,0.015784425,-1.75682E-08,-2.53134E-08
15135.1,0.0159434,0.0157639,,,,,,0.01594347,0.015763947,-7.01544E-08,-4.72809E-08
15155.2,0.0159225,0.0157435,,,,,,0.015922473,0.01574342,2.66848E-08,7.96777E-08
15175.2,0.0159017,0.0157231,,,,,,0.015901636,0.015723048,6.42422E-08,5.15207E-08
15195.2,0.0158809,0.0157027,,,,,,0.015880853,0.015702729,4.73312E-08,-2.929E-08
15215.2,0.0158601,0.0156824,,,,,,0.015860124,0.015682463,-2.38351E-08,-6.25507E-08
15235.2,0.0158394,0.0156622,,,,,,0.015839449,0.015662248,-4.90443E-08,-4.80586E-08
15255.3,0.0158188,0.015642,,,,,,0.015818725,0.015641985,7.48843E-08,1.507E-08
15275.3,0.0157982,0.0156219,,,,,,0.015798158,0.015621875,4.19536E-08,2.54134E-08
15295.3,0.0157776,0.0156018,,,,,,0.015777644,0.015601816,-4.43892E-08,-1.58871E-08
15315.3,0.0157572,0.0155818,,,,,,0.015757184,0.015581809,1.60637E-08,-8.63291E-09
15335.3,0.0157367,0.0155618,,,,,,0.015736776,0.015561853,-7.64808E-08,-5.26263E-08
15355.4,0.0157164,0.0155419,,,,,,0.01571632,0.015541848,7.98237E-08,5.17263E-08
15375.4,0.015696,0.015522,,,,,,0.015696018,0.015521994,-1.83625E-08,5.57293E-09
15395.4,0.0156758,0.0155022,,,,,,0.015675769,0.015502191,3.10686E-08,8.7599E-09
15415.4,0.0156556,0.0154824,,,,,,0.015655572,0.015482439,2.83194E-08,-3.85192E-08
15435.4,0.0156354,0.0154627,,,,,,0.015635426,0.015462736,-2.64086E-08,-3.60716E-08
15455.5,0.0156153,0.015443,,,,,,0.015615233,0.015442986,6.74226E-08,1.44307E-08
15475.5,0.0155952,0.0154234,,,,,,0.015595191,0.015423383,9.0796E-09,1.66567E-08
15495.5,0.0155752,0.0154038,,,,,,0.015575201,0.015403831,-6.43099E-10,-3.08176E-08
15515.5,0.0155552,0.0153843,,,,,,0.015555262,0.015384328,-6.15482E-08,-2.78034E-08
15535.5,0.0155353,0.0153648,,,,,,0.015535373,0.015364874,-7.34394E-08,-7.41129E-08
15555.6,0.0155155,0.0153454,,,,,,0.015515437,0.015345373,6.29379E-08,2.73405E-08
15575.6,0.0154957,0.015326,,,,,,0.015495651,0.015326017,4.9407E-08,-1.73008E-08
15595.6,0.0154759,0.0153067,,,,,,0.015475915,0.015306711,-1.45262E-08,-1.07072E-08
15615.6,0.0154562,0.0152874,,,,,,0.015456229,0.015287453,-2.86691E-08,-5.26944E-08
15635.6,0.0154366,0.0152682,,,,,,0.015436593,0.015268243,7.16949E-09,-4.30793E-08
15655.7,0.015417,0.015249,,,,,,0.015416909,0.015248986,9.09852E-08,1.40064E-08
15675.7,0.0153974,0.0152299,,,,,,0.015397373,0.015229873,2.71093E-08,2.71319E-08
15695.7,0.0153779,0.0152108,,,,,,0.015377886,0.015210808,1.37842E-08,-7.59544E-09
15715.7,0.0153584,0.0151918,,,,,,0.015358449,0.01519179,-4.88026E-08,1.00037E-08
15735.7,0.015339,0.0151728,,,,,,0.01533906,0.01517282,-6.04646E-08,-1.98919E-08
15755.8,0.0153197,0.0151538,,,,,,0.015319624,0.015153803,7.55586E-08,-2.60941E-09
15775.8,0.0153004,0.015135,,,,,,0.015300334,0.015134927,6.60591E-08,7.28022E-08
15795.8,0.0152811,0.0151161,,,,,,0.015281092,0.015116099,8.03942E-09,1.25019E-09
15815.8,0.0152619,0.0150973,,,,,,0.015261898,0.015097317,1.68239E-09,-1.70902E-08
15835.8,0.0152427,0.0150785,,,,,,0.015242753,0.015078582,-5.28301E-08,-8.2045E-08
15855.9,0.0152236,0.0150598,,,,,,0.01522356,0.0150598,4.00503E-08,-1.14045E-10
15875.9,0.0152045,0.0150412,,,,,,0.01520451,0.015041158,-1.04695E-08,4.19908E-08
15895.9,0.0151855,0.0150226,,,,,,0.015185509,0.015022562,-8.60351E-09,3.79997E-08
15915.9,0.0151665,0.015004,,,,,,0.015166554,0.015004012,-5.41735E-08,-1.19167E-08
15935.9,0.0151476,0.0149855,,,,,,0.015147647,0.014985508,-4.70021E-08,-7.58847E-09
15956,0.0151287,0.014967,,,,,,0.015128693,0.014966957,7.26972E-09,4.3333E-08
15976,0.0151099,0.0149486,,,,,,0.01510988,0.014948544,2.02186E-08,5.64302E-08
15996,0.0150911,0.0149302,,,,,,0.015091114,0.014930176,-1.35632E-08,2.42777E-08
16016,0.0150724,0.0149118,,,,,,0.015072394,0.014911853,6.09805E-09,-5.2958E-08
16036,0.0150537,0.0148935,,,,,,0.015053721,0.014893575,-2.06245E-08,-7.5111E-08
16056.1,0.015035,0.0148753,,,,,,0.015035001,0.014875251,-5.39097E-10,4.90368E-08
16076.1,0.0150164,0.0148571,,,,,,0.01501642,0.014857063,-1.97433E-08,3.73205E-08
16096.1,0.0149979,0.0148389,,,,,,0.014997885,0.014838919,1.51835E-08,-1.88199E-08
16116.1,0.0149794,0.0148208,,,,,,0.014979396,0.014820819,4.41101E-09,-1.92218E-08
16136.1,0.0149609,0.0148027,,,,,,0.014960952,0.014802764,-5.1892E-08,-6.37235E-08
16156.2,0.0149425,0.0147847,,,,,,0.014942462,0.014784662,3.83204E-08,3.77837E-08
16176.2,0.0149241,0.0147667,,,,,,0.014924109,0.014766695,-8.76609E-09,5.34615E-09
16196.2,0.0149058,0.0147488,,,,,,0.014905801,0.014748771,-8.80831E-10,2.92902E-08
16216.2,0.0148875,0.0147309,,,,,,0.014887538,0.01473089,-3.78583E-08,9.7745E-09
16236.2,0.0148693,0.014713,,,,,,0.01486932,0.014713053,-1.95338E-08,-5.30431E-08
16256.3,0.0148511,0.0146952,,,,,,0.014851055,0.01469517,4.50139E-08,2.98567E-08
16276.3,0.0148329,0.0146774,,,,,,0.014832926,0.014677419,-2.57882E-08,-1.93086E-08
16296.3,0.0148148,0.0146597,,,,,,0.014814841,0.014659711,-4.07982E-08,-1.1306E-08
16316.3,0.0147968,0.014642,,,,,,0.0147968,0.014642046,1.45327E-10,-4.59805E-08
16336.3,0.0147788,0.0146244,,,,,,0.014778803,0.014624423,-2.79683E-09,-2.31781E-08
16356.4,0.0147608,0.0146068,,,,,,0.01476076,0.014606755,4.01923E-08,4.50504E-08
16376.4,0.0147429,0.0145892,,,,,,0.01474285,0.014589217,4.97403E-08,-1.69448E-08
16396.4,0.014725,0.0145717,,,,,,0.014724984,0.014571721,1.58809E-08,-2.10045E-08
16416.4,0.0147071,0.0145543,,,,,,0.014707161,0.014554267,-6.12283E-08,3.30224E-08
16436.4,0.0146893,0.0145368,,,,,,0.014689381,0.014536855,-8.14304E-08,-5.47135E-08
16456.5,0.0146716,0.0145194,,,,,,0.014671556,0.014519397,4.40073E-08,2.68631E-09
16476.5,0.0146539,0.0145021,,,,,,0.014653862,0.014502068,3.78732E-08,3.1666E-08
16496.5,0.0146362,0.0144848,,,,,,0.014636211,0.014484781,-1.08869E-08,1.93306E-08
16516.5,0.0146186,0.0144675,,,,,,0.014618602,0.014467534,-2.11939E-09,-3.41724E-08
16536.5,0.014601,0.0144503,,,,,,0.014601036,0.014450329,-3.5671E-08,-2.86962E-08
16556.6,0.0145835,0.0144331,,,,,,0.014583424,0.014433078,7.61263E-08,2.16261E-08
16576.6,0.014566,0.014416,,,,,,0.014565942,0.014415955,5.8183E-08,4.52955E-08
16596.6,0.0145485,0.0143989,,,,,,0.014548502,0.014398872,-1.62376E-09,2.83813E-08
16616.6,0.0145311,0.0143818,,,,,,0.014531103,0.014381829,-3.14381E-09,-2.89722E-08
16636.6,0.0145137,0.0143648,,,,,,0.014513746,0.014364827,-4.62277E-08,-2.66218E-08
16656.7,0.0144964,0.0143478,,,,,,0.014496344,0.01434778,5.57471E-08,2.02857E-08
16676.7,0.0144791,0.0143309,,,,,,0.01447907,0.014330858,2.97752E-08,4.2272E-08
16696.7,0.0144618,0.014314,,,,,,0.014461837,0.014313976,-3.73156E-08,2.43892E-08
16716.7,0.0144446,0.0142971,,,,,,0.014444645,0.014297133,-4.53786E-08,-3.3222E-08
16736.7,0.0144275,0.0142803,,,,,,0.014427494,0.01428033,5.73196E-09,-3.04214E-08
16756.8,0.0144103,0.0142635,,,,,,0.014410298,0.014263483,1.61167E-09,1.66482E-08
16776.8,0.0143932,0.0142468,,,,,,0.014393229,0.01424676,-2.86976E-08,4.04936E-08
16796.8,0.0143762,0.0142301,,,,,,0.014376199,0.014230075,6.0119E-10,2.51678E-08
16816.8,0.0143592,0.0142134,,,,,,0.01435921,0.014213429,-1.03487E-08,-2.91919E-08
16836.8,0.0143422,0.0141968,,,,,,0.014342261,0.014196822,-6.14048E-08,-2.24486E-08
16856.9,0.0143253,0.0141802,,,,,,0.014325268,0.014180172,3.20195E-08,2.82766E-08
16876.9,0.0143084,0.0141637,,,,,,0.014308399,0.014163643,9.77233E-10,5.74411E-08
16896.9,0.0142916,0.0141472,,,,,,0.01429157,0.014147152,3.0253E-08,4.81158E-08
16916.9,0.0142748,0.0141307,,,,,,0.01427478,0.0141307,1.99867E-08,4.35063E-10
16936.9,0.014258,0.0141143,,,,,,0.01425803,0.014114285,-2.96825E-08,1.45326E-08
16957,0.0142413,0.0140979,,,,,,0.014241235,0.014097828,6.48409E-08,7.2326E-08
16977,0.0142246,0.0140815,,,,,,0.014224563,0.01408149,3.65857E-08,1.01891E-08
16997,0.0142079,0.0140652,,,,,,0.014207931,0.01406519,-3.0658E-08,1.02284E-08
17017,0.0141913,0.0140489,,,,,,0.014191337,0.014048927,-3.67536E-08,-2.7425E-08
17037,0.0141748,0.0140327,,,,,,0.014174782,0.014032703,1.84349E-08,-2.64036E-09
17057.1,0.0141582,0.0140165,,,,,,0.014158182,0.014016434,1.75291E-08,6.55551E-08
17077.1,0.0141417,0.0140003,,,,,,0.014141705,0.014000285,-4.50075E-09,1.54189E-08
17097.1,0.0141253,0.0139842,,,,,,0.014125265,0.013984172,3.51583E-08,2.81094E-08
17117.1,0.0141088,0.0139681,,,,,,0.014108863,0.013968096,-6.33604E-08,3.75486E-09
17137.1,0.0140925,0.013952,,,,,,0.0140925,0.013952058,7.61503E-11,-5.75171E-08
17157.2,0.0140761,0.013936,,,,,,0.014076093,0.013935976,7.13265E-09,2.43381E-08
17177.2,0.0140598,0.01392,,,,,,0.014059805,0.013920011,-5.31302E-09,-1.05712E-08
17197.2,0.0140436,0.0139041,,,,,,0.014043555,0.013904082,4.4592E-08,1.79821E-08
17217.2,0.0140273,0.0138882,,,,,,0.014027343,0.01388819,-4.3022E-08,1.01232E-08
17237.2,0.0140111,0.0138723,,,,,,0.014011168,0.013872334,-6.80252E-08,-3.40231E-08
17257.3,0.013995,0.0138565,,,,,,0.01399495,0.013856435,5.0307E-08,6.46751E-08
17277.3,0.0139789,0.0138407,,,,,,0.013978849,0.013840652,5.07271E-08,4.81458E-08
17297.3,0.0139628,0.0138249,,,,,,0.013962786,0.013824904,1.41446E-08,-4.29958E-09
17317.3,0.0139467,0.0138092,,,,,,0.013946759,0.013809193,-5.93133E-08,7.4614E-09
17337.3,0.0139307,0.0137935,,,,,,0.01393077,0.013793516,-6.95197E-08,-1.64494E-08
17357.4,0.0139148,0.0137778,,,,,,0.013914737,0.013777798,6.33257E-08,2.20304E-09
17377.4,0.0138988,0.0137622,,,,,,0.01389882,0.013762193,-2.01817E-08,7.13541E-09
17397.4,0.0138829,0.0137466,,,,,,0.01388294,0.013746623,-4.00599E-08,-2.3241E-08
17417.4,0.0138671,0.0137311,,,,,,0.013867096,0.013731089,3.81559E-09,1.11936E-08
17437.4,0.0138513,0.0137156,,,,,,0.013851288,0.013715589,1.15687E-08,1.05582E-08
17457.5,0.0138355,0.0137001,,,,,,0.013835438,0.013700048,6.20914E-08,5.22061E-08
17477.5,0.0138197,0.0136846,,,,,,0.013819702,0.013684618,-2.2097E-09,-1.83876E-08
17497.5,0.013804,0.0136692,,,,,,0.013804002,0.013669224,-2.26403E-09,-2.36963E-08
17517.5,0.0137883,0.0136539,,,,,,0.013788338,0.013653864,-3.79499E-08,3.6397E-08
17537.5,0.0137727,0.0136385,,,,,,0.013772709,0.013638538,-9.14614E-09,-3.79912E-08
17557.6,0.0137571,0.0136232,,,,,,0.013757038,0.01362317,6.21462E-08,2.96252E-08
17577.6,0.0137415,0.0136079,,,,,,0.01374148,0.013607914,2.01144E-08,-1.35496E-08
17597.6,0.013726,0.0135927,,,,,,0.013725957,0.013592691,4.29331E-08,9.14108E-09
17617.6,0.0137105,0.0135775,,,,,,0.013710469,0.013577502,3.07212E-08,-2.18835E-09
17637.6,0.013695,0.0135623,,,,,,0.013695016,0.013562347,-1.64029E-08,-4.7424E-08
17657.7,0.0136796,0.0135472,,,,,,0.013679521,0.013547151,7.8682E-08,4.90677E-08
17677.7,0.0136642,0.0135321,,,,,,0.013664138,0.013532064,6.19138E-08,3.61913E-08
17697.7,0.0136488,0.013517,,,,,,0.013648789,0.01351701,1.05862E-08,-1.02521E-08
17717.7,0.0136335,0.013502,,,,,,0.013633475,0.01350199,2.48155E-08,9.84951E-09
17737.7,0.0136182,0.013487,,,,,,0.013618195,0.013487003,4.71749E-09,-3.39253E-09
17757.8,0.0136029,0.013472,,,,,,0.013602873,0.013471975,2.65502E-08,2.4817E-08
17777.8,0.0135877,0.0134571,,,,,,0.013587662,0.013457055,3.79729E-08,4.50546E-08
17797.8,0.0135725,0.0134422,,,,,,0.013572485,0.013442168,1.54131E-08,3.22804E-08
17817.8,0.0135573,0.0134273,,,,,,0.013557341,0.013427313,-4.10152E-08,-1.33962E-08
17837.8,0.0135422,0.0134125,,,,,,0.013542231,0.013412492,-3.1199E-08,8.13374E-09
17857.9,0.0135271,0.0133977,,,,,,0.01352708,0.013397629,2.02712E-08,7.0841E-08
17877.9,0.0135121,0.0133829,,,,,,0.013512037,0.013382873,6.2747E-08,2.69464E-08
17897.9,0.013497,0.0133682,,,,,,0.013497028,0.013368149,-2.81953E-08,5.0583E-08
17917.9,0.013482,0.0133534,,,,,,0.013482052,0.013353458,-5.24445E-08,-5.81424E-08
17937.9,0.0134671,0.0133388,,,,,,0.01346711,0.013338799,-9.88982E-09,8.77025E-10
17958,0.0134522,0.0133241,,,,,,0.013452126,0.013324099,7.40434E-08,8.01007E-10
17978,0.0134373,0.0133095,,,,,,0.01343725,0.013309505,5.03715E-08,-4.53224E-09
17998,0.0134224,0.0132949,,,,,,0.013422406,0.013294942,-6.16676E-09,-4.18033E-08
18018,0.0134076,0.0132804,,,,,,0.013407595,0.013280411,4.53754E-09,-1.09074E-08
18038,0.0133928,0.0132659,,,,,,0.013392817,0.013265912,-1.74073E-08,-1.17404E-08
18058.1,0.013378,0.0132514,,,,,,0.013377998,0.013251372,1.75245E-09,2.806E-08
18078.1,0.0133633,0.013237,,,,,,0.013363285,0.013236936,1.46704E-08,6.3923E-08
18098.1,0.0133486,0.0132225,,,,,,0.013348605,0.013222532,-4.73825E-09,-3.16322E-08
18118.1,0.0133339,0.0132081,,,,,,0.013333956,0.013208159,-5.6367E-08,-5.85033E-08
18138.1,0.0133193,0.0131938,,,,,,0.01331934,0.013193817,-4.01099E-08,-1.65881E-08
18158.2,0.0133047,0.0131795,,,,,,0.013304683,0.013179434,1.69796E-08,6.56909E-08
18178.2,0.0132901,0.0131652,,,,,,0.013290131,0.013165155,-3.08349E-08,4.5328E-08
18198.2,0.0132756,0.0131509,,,,,,0.01327561,0.013150906,-1.04479E-08,-5.94478E-09
18218.2,0.0132611,0.0131367,,,,,,0.013261122,0.013136688,-2.17553E-08,1.19728E-08
18238.2,0.0132466,0.0131225,,,,,,0.013246665,0.013122501,-6.46535E-08,-8.1942E-10
18258.3,0.0132322,0.0131083,,,,,,0.013232167,0.013108274,3.30098E-08,2.64842E-08
18278.3,0.0132178,0.0130942,,,,,,0.013217773,0.013094148,2.70826E-08,5.24178E-08
18298.3,0.0132034,0.0130801,,,,,,0.01320341,0.013080052,-1.01267E-08,4.79389E-08
18318.3,0.0131891,0.013066,,,,,,0.013189079,0.013065987,2.1484E-08,1.31458E-08
18338.3,0.0131748,0.0130519,,,,,,0.013174778,0.013051952,2.20159E-08,-5.18641E-08
18358.4,0.0131605,0.0130379,,,,,,0.013160437,0.013037877,6.28402E-08,2.29556E-08
18378.4,0.0131462,0.0130239,,,,,,0.013146199,0.013023902,1.36315E-09,-2.34594E-09
18398.4,0.013132,0.01301,,,,,,0.013131991,0.013009958,9.10951E-09,4.24269E-08
18418.4,0.0131178,0.012996,,,,,,0.013117814,0.012996043,-1.3821E-08,-4.26298E-08
18438.4,0.0131036,0.0129821,,,,,,0.013103667,0.012982157,-6.73292E-08,-5.74205E-08
18458.5,0.0130895,0.0129683,,,,,,0.013089481,0.012968233,1.91875E-08,6.73535E-08
18478.5,0.0130754,0.0129544,,,,,,0.013075395,0.012954407,4.66851E-09,-6.76737E-09
18498.5,0.0130613,0.0129406,,,,,,0.01306134,0.01294061,-4.01325E-08,-1.03374E-08
18518.5,0.0130473,0.0129268,,,,,,0.013047315,0.012926843,-1.51179E-08,-4.32625E-08
18538.5,0.0130333,0.0129131,,,,,,0.01303332,0.012913105,-2.01906E-08,-5.44916E-09
18558.6,0.0130193,0.0128994,,,,,,0.013019286,0.012899328,1.44957E-08,7.1666E-08
18578.6,0.0130054,0.0128857,,,,,,0.013005351,0.012885649,4.93889E-08,5.10903E-08
18598.6,0.0129914,0.012872,,,,,,0.012991446,0.012871998,-4.55157E-08,1.532E-09
18618.6,0.0129776,0.0128584,,,,,,0.01297757,0.012858377,2.98772E-08,2.3083E-08
18638.6,0.0129637,0.0128448,,,,,,0.012963724,0.012844784,-2.43372E-08,1.5835E-08
18658.7,0.0129499,0.0128312,,,,,,0.012949839,0.012831152,6.09431E-08,4.76275E-08
18678.7,0.0129361,0.0128176,,,,,,0.012936052,0.012817617,4.76507E-08,-1.70881E-08
18698.7,0.0129223,0.0128041,,,,,,0.012922295,0.01280411,5.0342E-09,-1.03298E-08
18718.7,0.0129086,0.0127906,,,,,,0.012908567,0.012790632,3.31871E-08,-3.20073E-08
18738.7,0.0128948,0.0127772,,,,,,0.012894868,0.012777182,-6.77977E-08,1.79689E-08
18758.8,0.0128812,0.0127637,,,,,,0.01288113,0.012763693,7.04497E-08,6.72588E-09
18778.8,0.0128675,0.0127503,,,,,,0.012867489,0.0127503,1.13229E-08,1.36577E-10
18798.8,0.0128539,0.0127369,,,,,,0.012853877,0.012736935,2.33358E-08,-3.45317E-08
18818.8,0.0128403,0.0127236,,,,,,0.012840293,0.012723597,6.57989E-09,2.80938E-09
18838.8,0.0128267,0.0127103,,,,,,0.012826739,0.012710288,-3.88537E-08,1.22475E-08
18858.9,0.0128132,0.012697,,,,,,0.012813145,0.01269694,5.46839E-08,6.02086E-08
18878.9,0.0127997,0.0126837,,,,,,0.012799648,0.012683686,5.20244E-08,1.39646E-08
18898.9,0.0127862,0.0126705,,,,,,0.012786179,0.01267046,2.09587E-08,4.00795E-08
18918.9,0.0127727,0.0126572,,,,,,0.012772738,0.012657261,-3.84236E-08,-6.13604E-08
18938.9,0.0127593,0.0126441,,,,,,0.012759326,0.01264409,-2.60334E-08,9.731E-09
18959,0.0127459,0.0126309,,,,,,0.012745875,0.012630881,2.50689E-08,1.90892E-08
18979,0.0127325,0.0126178,,,,,,0.012732519,0.012617765,-1.88696E-08,3.53634E-08
18999,0.0127192,0.0126047,,,,,,0.012719191,0.012604676,9.23016E-09,2.44253E-08
19019,0.0127059,0.0125916,,,,,,0.012705891,0.012591614,9.45606E-09,-1.36406E-08
19039,0.0126926,0.0125786,,,,,,0.012692618,0.012578579,-1.81046E-08,2.12499E-08
19059.1,0.0126793,0.0125655,,,,,,0.012679307,0.012565506,-7.21059E-09,-5.8471E-09
19079.1,0.0126661,0.0125525,,,,,,0.01266609,0.012552525,9.77838E-09,-2.49265E-08
19099.1,0.0126529,0.0125396,,,,,,0.012652901,0.012539571,-7.58908E-10,2.92017E-08
19119.1,0.0126397,0.0125266,,,,,,0.012639739,0.012526643,-3.87365E-08,-4.33797E-08
19139.1,0.0126266,0.0125137,,,,,,0.012626604,0.012513743,-4.069E-09,-4.25882E-08
19159.2,0.0126135,0.0125008,,,,,,0.012613431,0.012500804,6.87975E-08,-4.03695E-09
19179.2,0.0126004,0.012488,,,,,,0.012600351,0.012487956,4.8875E-08,4.36145E-08
19199.2,0.0125873,0.0124751,,,,,,0.012587298,0.012475135,1.85254E-09,-3.51152E-08
19219.2,0.0125743,0.0124623,,,,,,0.012574272,0.01246234,2.78143E-08,-4.01449E-08
19239.2,0.0125612,0.0124495,,,,,,0.012561273,0.012449571,-7.31558E-08,-7.13937E-08
19259.3,0.0125483,0.0124368,,,,,,0.012548236,0.012436765,6.38191E-08,3.48664E-08
19279.3,0.0125353,0.0124241,,,,,,0.012535291,0.012424049,9.10139E-09,5.12905E-08
19299.3,0.0125224,0.0124114,,,,,,0.012522372,0.012411358,2.77014E-08,4.17363E-08
19319.3,0.0125095,0.0123987,,,,,,0.01250948,0.012398694,1.97016E-08,6.28356E-09
19339.3,0.0124966,0.012386,,,,,,0.012496615,0.012386055,-1.4816E-08,-5.49887E-08
19359.4,0.0124837,0.0123734,,,,,,0.012483712,0.012373379,-1.16408E-08,2.09989E-08
19379.4,0.0124709,0.0123608,,,,,,0.012470899,0.012360792,9.19365E-10,8.1959E-09
19399.4,0.0124581,0.0123482,,,,,,0.012458113,0.01234823,-1.27937E-08,-3.01905E-08
19419.4,0.0124453,0.0123357,,,,,,0.012445353,0.012335694,-5.26992E-08,5.91767E-09
19439.4,0.0124326,0.0123232,,,,,,0.012432619,0.012323183,-1.87168E-08,1.65979E-08
19459.5,0.0124199,0.0123107,,,,,,0.012419847,0.012310636,5.27081E-08,6.42907E-08
19479.5,0.0124072,0.0122982,,,,,,0.012407165,0.012298176,3.45768E-08,2.42206E-08
19499.5,0.0123945,0.0122857,,,,,,0.012394509,0.012285741,-9.42699E-09,-4.10461E-08
19519.5,0.0123819,0.0122733,,,,,,0.012381879,0.012273331,2.07759E-08,-3.1433E-08
19539.5,0.0123692,0.0122609,,,,,,0.012369275,0.012260947,-7.47358E-08,-4.68641E-08
19559.6,0.0123567,0.0122486,,,,,,0.012356633,0.012248526,6.69465E-08,7.44717E-08
19579.6,0.0123441,0.0122362,,,,,,0.01234408,0.012236191,2.01131E-08,9.05493E-09
19599.6,0.0123316,0.0122239,,,,,,0.012331552,0.012223881,4.78E-08,1.88206E-08
19619.6,0.012319,0.0122116,,,,,,0.01231905,0.012211596,-4.99154E-08,3.84362E-09
19639.6,0.0123065,0.0121993,,,,,,0.012306573,0.012199336,-7.29559E-08,-3.58015E-08
19659.7,0.0122941,0.0121871,,,,,,0.012294059,0.012187039,4.09507E-08,6.10765E-08
19679.7,0.0122816,0.0121748,,,,,,0.012281633,0.012174828,-3.26353E-08,-2.7805E-08
19699.7,0.0122692,0.0121626,,,,,,0.012269231,0.012162641,-3.13164E-08,-4.11325E-08
19719.7,0.0122568,0.0121505,,,,,,0.012256855,0.012150479,-5.50165E-08,2.11674E-08
19739.7,0.0122445,0.0121383,,,,,,0.012244504,0.012138341,-3.66009E-09,-4.08324E-08
19759.8,0.0122321,0.0121262,,,,,,0.012232116,0.012126167,-1.56017E-08,3.3449E-08
19779.8,0.0122198,0.0121141,,,,,,0.012219814,0.012114077,-1.40303E-08,2.29474E-08
19799.8,0.0122075,0.012102,,,,,,0.012207537,0.012102012,-3.71768E-08,-1.16362E-08
19819.8,0.0121953,0.01209,,,,,,0.012195285,0.01208997,1.5033E-08,2.97703E-08
19839.8,0.012183,0.0120779,,,,,,0.012183057,0.012077953,-5.73265E-08,-5.27616E-08
19859.9,0.0121708,0.0120659,,,,,,0.012170793,0.012065899,6.77261E-09,7.47543E-10
19879.9,0.0121586,0.0120539,,,,,,0.012158615,0.01205393,-1.46266E-08,-2.95663E-08
19899.9,0.0121465,0.012042,,,,,,0.01214646,0.012041984,3.96258E-08,1.63949E-08
19919.9,0.0121343,0.01203,,,,,,0.01213433,0.012030061,-3.03973E-08,-6.12984E-08
19939.9,0.0121222,0.0120181,,,,,,0.012122225,0.012018163,-2.46234E-08,-6.2576E-08
19960,0.0121101,0.0120063,,,,,,0.012110083,0.012006228,1.73678E-08,7.19491E-08
19980,0.012098,0.0119944,,,,,,0.012098025,0.011994376,-2.51672E-08,2.35953E-08
20000,0.012086,0.0119825,,,,,,0.012085992,0.011982548,8.31143E-09,-4.81335E-08
